-- phpMyAdmin SQL Dump
-- version 4.5.2
-- http://www.phpmyadmin.net
--
-- Servidor: 127.0.0.1
-- Tiempo de generación: 10-04-2016 a las 16:57:43
-- Versión del servidor: 5.7.9
-- Versión de PHP: 5.6.16

SET SQL_MODE = "NO_AUTO_VALUE_ON_ZERO";
SET time_zone = "+00:00";


/*!40101 SET @OLD_CHARACTER_SET_CLIENT=@@CHARACTER_SET_CLIENT */;
/*!40101 SET @OLD_CHARACTER_SET_RESULTS=@@CHARACTER_SET_RESULTS */;
/*!40101 SET @OLD_COLLATION_CONNECTION=@@COLLATION_CONNECTION */;
/*!40101 SET NAMES utf8mb4 */;

--
-- Base de datos: `studentland`
--

-- --------------------------------------------------------

--
-- Estructura de tabla para la tabla `areas_conocimiento`
--

DROP TABLE IF EXISTS `areas_conocimiento`;
CREATE TABLE IF NOT EXISTS `areas_conocimiento` (
  `id` int(11) NOT NULL AUTO_INCREMENT,
  `Nombre` varchar(50) NOT NULL,
  PRIMARY KEY (`id`)
) ENGINE=InnoDB AUTO_INCREMENT=10 DEFAULT CHARSET=latin1;

--
-- Volcado de datos para la tabla `areas_conocimiento`
--

INSERT INTO `areas_conocimiento` (`id`, `Nombre`) VALUES
(1, 'Agronomía, Veterinaria y afines'),
(2, 'Bellas Artes'),
(3, 'Ciencias de la Educación'),
(4, 'Ciencias de la Salud'),
(5, 'Ciencias Sociales y Humanas'),
(6, 'Economía, Administración, Contaduría y afines'),
(7, 'Ingeniería, Arquitectura, Urbanismo y afines'),
(8, 'Matemáticas y Ciencia Naturales'),
(9, 'SIN CLASIFICAR');

-- --------------------------------------------------------

--
-- Estructura de tabla para la tabla `caracter`
--

DROP TABLE IF EXISTS `caracter`;
CREATE TABLE IF NOT EXISTS `caracter` (
  `id` int(11) NOT NULL AUTO_INCREMENT,
  `Caracter_institucion` varchar(50) NOT NULL,
  PRIMARY KEY (`id`)
) ENGINE=InnoDB AUTO_INCREMENT=4 DEFAULT CHARSET=latin1;

--
-- Volcado de datos para la tabla `caracter`
--

INSERT INTO `caracter` (`id`, `Caracter_institucion`) VALUES
(1, 'Publica'),
(2, 'Privada'),
(3, 'Mixta');

-- --------------------------------------------------------

--
-- Estructura de tabla para la tabla `ciudades`
--

DROP TABLE IF EXISTS `ciudades`;
CREATE TABLE IF NOT EXISTS `ciudades` (
  `id` int(11) NOT NULL AUTO_INCREMENT,
  `Nombre` varchar(50) NOT NULL,
  `Departamento` int(11) NOT NULL,
  PRIMARY KEY (`id`),
  KEY `llf_ciudades` (`Departamento`)
) ENGINE=InnoDB AUTO_INCREMENT=92 DEFAULT CHARSET=latin1;

--
-- Volcado de datos para la tabla `ciudades`
--

INSERT INTO `ciudades` (`id`, `Nombre`, `Departamento`) VALUES
(1, 'Apartadó', 2),
(2, 'Arauca', 3),
(3, 'Armenia', 24),
(4, 'Barbosa', 27),
(5, 'Barrancabermeja', 27),
(6, 'Barranquilla', 4),
(7, 'Bello', 2),
(8, 'Bogotá', 33),
(9, 'Bucaramanga', 27),
(10, 'Buenaventura', 30),
(11, 'Buga', 30),
(12, 'Cucuta', 22),
(13, 'Cali', 30),
(14, 'Cartagena', 5),
(15, 'Cartago', 30),
(16, 'Circasia', 24),
(17, 'Duitama', 6),
(18, 'El espinal', 29),
(19, 'Girardot', 14),
(20, 'Ibague', 29),
(21, 'Leticia', 1),
(22, 'Malaga', 27),
(23, 'Manizales', 7),
(24, 'Medellin', 2),
(25, 'Monteria', 13),
(26, 'Neiva', 18),
(27, 'Palmira', 30),
(28, 'Pasto', 21),
(29, 'Pereira', 25),
(30, 'Popayan', 10),
(31, 'Puerto Colombia', 4),
(32, 'Quibdo', 12),
(33, 'Riohacha', 16),
(34, 'Rionegro', 2),
(35, 'Roldanillo', 30),
(36, 'Santa Marta', 19),
(37, 'Sincelejo', 28),
(38, 'Socorro', 27),
(39, 'Tunja', 6),
(40, 'Valledupar', 11),
(41, 'Villavicencio', 20),
(42, 'Pamplona', 22),
(43, 'Florencia', 8),
(44, 'Fusagasuga', 14),
(45, 'Caucasia', 2),
(46, 'Puerto Berrio', 2),
(47, 'Segovia', 2),
(48, 'Yarumal', 2),
(49, 'El Carmen de Viboral', 2),
(50, 'Andes', 2),
(51, 'Santa Fe de Antioquia', 2),
(52, 'Piedecuesta', 27),
(53, 'San Andres', 26),
(54, 'Tumaco', 21),
(55, 'Guapi', 10),
(56, 'Puerto Asis', 23),
(57, 'La chorrera', 1),
(58, 'Sutatenza', 6),
(59, 'Sogamoso', 6),
(60, 'Chiquinquira', 6),
(61, 'Yopal', 9),
(62, 'Ocaña', 22),
(63, 'Sopó', 14),
(64, 'Villa del Rosario', 20),
(65, 'Chia', 14),
(66, 'Garzon', 18),
(67, 'La Plata', 18),
(68, 'Pitalito', 18),
(69, 'Aguachica', 11),
(70, 'Agustín Codazzi', 11),
(71, 'Cajica', 14),
(72, 'Floridablanca', 27),
(73, 'Envigado', 2),
(74, 'Dosquebradas', 25),
(75, 'Ubaté', 14),
(76, 'Chocontá', 14),
(77, 'Facatativá', 14),
(78, 'Soacha', 14),
(79, 'Zipaquirá', 14),
(80, 'Turbo', 2),
(81, 'Madrid', 14),
(82, 'Amalfi', 2),
(83, 'Sonsón', 2),
(84, 'Carepa', 2),
(85, 'La dorada', 7),
(86, 'Salamina', 7),
(87, 'Anserma', 7),
(88, 'Samaná', 7),
(89, 'Aguadas', 7),
(90, 'Riosucio', 7),
(91, 'Marquetalia', 7);

-- --------------------------------------------------------

--
-- Estructura de tabla para la tabla `departamentos`
--

DROP TABLE IF EXISTS `departamentos`;
CREATE TABLE IF NOT EXISTS `departamentos` (
  `id` int(11) NOT NULL AUTO_INCREMENT,
  `Nombre` varchar(50) NOT NULL,
  PRIMARY KEY (`id`)
) ENGINE=InnoDB AUTO_INCREMENT=34 DEFAULT CHARSET=latin1;

--
-- Volcado de datos para la tabla `departamentos`
--

INSERT INTO `departamentos` (`id`, `Nombre`) VALUES
(1, 'Amazonas'),
(2, 'Antioquia'),
(3, 'Arauca'),
(4, 'Atlántico'),
(5, 'Bolívar'),
(6, 'Boyacá'),
(7, 'Caldas'),
(8, 'Caquetá'),
(9, 'Casanare'),
(10, 'Cauca'),
(11, 'Cesar'),
(12, 'Chocó'),
(13, 'Córdoba'),
(14, 'Cundinamarca'),
(15, 'Guainía'),
(16, 'Guajira'),
(17, 'Guaviare'),
(18, 'Huila'),
(19, 'Magdalena'),
(20, 'Meta'),
(21, 'Nariño'),
(22, 'Norte de Santander'),
(23, 'Putumayo'),
(24, 'Quindío'),
(25, 'Risaralda'),
(26, 'San Andrés y Providencia'),
(27, 'Santander'),
(28, 'Sucre'),
(29, 'Tolima'),
(30, 'Valle del Cauca'),
(31, 'Vaupés'),
(32, 'Vichada'),
(33, 'Bogotá D.C');

-- --------------------------------------------------------

--
-- Estructura de tabla para la tabla `jornadas`
--

DROP TABLE IF EXISTS `jornadas`;
CREATE TABLE IF NOT EXISTS `jornadas` (
  `id` int(11) NOT NULL AUTO_INCREMENT,
  `Jornada` varchar(25) DEFAULT NULL,
  PRIMARY KEY (`id`)
) ENGINE=InnoDB AUTO_INCREMENT=3 DEFAULT CHARSET=latin1;

--
-- Volcado de datos para la tabla `jornadas`
--

INSERT INTO `jornadas` (`id`, `Jornada`) VALUES
(1, 'Diurna'),
(2, 'Nocturna');

-- --------------------------------------------------------

--
-- Estructura de tabla para la tabla `modalidades`
--

DROP TABLE IF EXISTS `modalidades`;
CREATE TABLE IF NOT EXISTS `modalidades` (
  `id` int(11) NOT NULL AUTO_INCREMENT,
  `modalidad` varchar(30) NOT NULL,
  PRIMARY KEY (`id`)
) ENGINE=InnoDB AUTO_INCREMENT=5 DEFAULT CHARSET=latin1;

--
-- Volcado de datos para la tabla `modalidades`
--

INSERT INTO `modalidades` (`id`, `modalidad`) VALUES
(1, 'Presencial'),
(2, 'semi-presencial'),
(3, 'virtual'),
(4, 'a distancia');

-- --------------------------------------------------------

--
-- Estructura de tabla para la tabla `niveles_formacion`
--

DROP TABLE IF EXISTS `niveles_formacion`;
CREATE TABLE IF NOT EXISTS `niveles_formacion` (
  `id` int(11) NOT NULL AUTO_INCREMENT,
  `nivel_formacion` varchar(25) NOT NULL,
  PRIMARY KEY (`id`)
) ENGINE=InnoDB AUTO_INCREMENT=8 DEFAULT CHARSET=latin1;

--
-- Volcado de datos para la tabla `niveles_formacion`
--

INSERT INTO `niveles_formacion` (`id`, `nivel_formacion`) VALUES
(1, 'Técnico profesional'),
(2, 'Tecnológico '),
(3, 'Profesional'),
(4, 'Especialización'),
(5, 'Maestría '),
(6, 'Doctorado'),
(7, 'Especialización Tecnica');

-- --------------------------------------------------------

--
-- Estructura de tabla para la tabla `nucleos_basicos_conocimiento`
--

DROP TABLE IF EXISTS `nucleos_basicos_conocimiento`;
CREATE TABLE IF NOT EXISTS `nucleos_basicos_conocimiento` (
  `id` int(11) NOT NULL AUTO_INCREMENT,
  `area_conocimiento` int(11) NOT NULL,
  `nucleo_basico_conocimiento` varchar(50) NOT NULL,
  PRIMARY KEY (`id`),
  KEY `lf_nucleos_areas` (`area_conocimiento`)
) ENGINE=InnoDB AUTO_INCREMENT=59 DEFAULT CHARSET=latin1;

--
-- Volcado de datos para la tabla `nucleos_basicos_conocimiento`
--

INSERT INTO `nucleos_basicos_conocimiento` (`id`, `area_conocimiento`, `nucleo_basico_conocimiento`) VALUES
(1, 1, 'Agronomia'),
(2, 1, 'Zootecnia'),
(3, 1, 'Medicina veterinaria'),
(4, 2, 'Artes plasticas, visuales y afines'),
(5, 2, 'Otros programas asociados a bellas artes'),
(6, 2, 'Musica'),
(7, 2, 'Artes representativas'),
(8, 2, 'Publicidad y afines'),
(9, 2, 'Disenio'),
(12, 3, 'Educacion'),
(13, 4, 'Bacteriologia'),
(14, 4, 'Odontologia'),
(15, 4, 'Salud publica'),
(16, 4, 'Optometria, otros programas de ciencs de la salud'),
(17, 4, 'Nutricion y dietetica'),
(18, 4, 'Enfermeria'),
(19, 4, 'Terapias'),
(20, 4, 'Medicina'),
(21, 4, 'Instrumentacion quirurgica'),
(22, 5, 'Antropologia, artes liberales'),
(23, 5, 'Geografia, historia'),
(24, 5, 'Sociologia, trabajo social y afines'),
(25, 5, 'Filosofia, teologia y afines'),
(26, 5, 'Psicologia'),
(27, 5, 'Lenguas modernas, literatura, linguistica y afines'),
(28, 5, 'Formacion relacionada con el campo militar o pol.'),
(29, 5, 'Bibliotecologia, otros de ciencias sociales y hum.'),
(30, 5, 'Comunicación social, periodismo y afines'),
(31, 5, 'Deportes, educacion fisica y recreacion'),
(32, 5, 'Derecho y afines'),
(33, 5, 'Ciencia politica, relaciones internacionales'),
(34, 6, 'Administracion'),
(35, 6, 'Contaduria publica'),
(36, 6, 'Economia'),
(37, 7, 'Arquitectura'),
(38, 7, 'Ingenieria agronomica, pecuaria y afines'),
(39, 7, 'Ingenieria de minas, metalurgia y afines'),
(40, 7, 'Otras ingenierias'),
(41, 7, 'Ingenieria quimica y afines'),
(42, 7, 'Ingenieria mecanica y afines'),
(43, 7, 'Ingenieria industrial y afines'),
(44, 7, 'Ingenieria electronica, telecomunicaciones y afin'),
(45, 7, 'Ingenieria electrica y afines'),
(46, 7, 'Ingenieria de sistemas, telematica y afines'),
(47, 7, 'Ingenieria civil y afines'),
(48, 7, 'Ingenieria agroindustrial, alimentos y afines'),
(49, 7, 'Ingenieria biomedica y afines'),
(50, 7, 'Ingenieria ambiental, sanitaria y afines'),
(51, 7, 'Ingenieria agricola, forestal y afines'),
(52, 7, 'Ingenieria admnistrativa y afines'),
(53, 8, 'Biologia, microbiologia y afines'),
(54, 8, 'Fisica'),
(55, 8, 'Geologia, otros programas de ciencias naturales'),
(56, 8, 'Quimica y afines'),
(57, 8, 'Matematicas, estadistica y afines'),
(58, 9, 'SIN CLASIFICAR');

-- --------------------------------------------------------

--
-- Estructura de tabla para la tabla `programas`
--

DROP TABLE IF EXISTS `programas`;
CREATE TABLE IF NOT EXISTS `programas` (
  `id` int(11) NOT NULL AUTO_INCREMENT,
  `Universidad` int(11) NOT NULL,
  `Sede` int(11) NOT NULL,
  `Nombre` varchar(150) NOT NULL,
  `codigo_SNIES` varchar(50) NOT NULL,
  `nucleo_basico_conocimiento` int(11) NOT NULL,
  `nivel_formacion` int(11) NOT NULL,
  `costos` double DEFAULT NULL,
  `numero_semestres` int(11) DEFAULT NULL,
  `modalidad` int(11) NOT NULL,
  `Jornada` int(11) NOT NULL,
  `fecha_admisiones` date DEFAULT NULL,
  `Correo_contacto` varchar(100) DEFAULT NULL,
  PRIMARY KEY (`id`),
  KEY `lf_programas_universidades` (`Universidad`),
  KEY `llf_universidades_sedes` (`Sede`),
  KEY `llf_universidades_nivel` (`nivel_formacion`),
  KEY `llf_universidades_modalidades` (`modalidad`),
  KEY `llf_universidades_jornadas` (`Jornada`),
  KEY `llf_programas_nucleos` (`nucleo_basico_conocimiento`)
) ENGINE=InnoDB AUTO_INCREMENT=1420 DEFAULT CHARSET=latin1;

--
-- Volcado de datos para la tabla `programas`
--

INSERT INTO `programas` (`id`, `Universidad`, `Sede`, `Nombre`, `codigo_SNIES`, `nucleo_basico_conocimiento`, `nivel_formacion`, `costos`, `numero_semestres`, `modalidad`, `Jornada`, `fecha_admisiones`, `Correo_contacto`) VALUES
(1, 1, 1, 'Licenciatura en filosofia', '1292', 12, 3, 0, 8, 1, 1, '2016-05-01', 'http://www.urosario.edu.co/'),
(2, 1, 1, 'Fisioterapia', '1293', 19, 3, 0, 10, 1, 1, '2016-05-01', 'http://www.urosario.edu.co/'),
(3, 1, 1, 'Fonoaudiologia', '1294', 19, 3, 0, 10, 1, 1, '2016-05-01', 'http://www.urosario.edu.co/'),
(4, 1, 1, 'Medicina', '1295', 20, 3, 0, 12, 1, 1, '2016-05-01', 'http://www.urosario.edu.co/'),
(5, 1, 1, 'Terapia ocupacional', '1296', 19, 3, 0, 10, 1, 1, '2016-05-01', 'http://www.urosario.edu.co/'),
(6, 1, 1, 'Jurisprudencia', '1297', 32, 3, 0, 10, 1, 1, '2016-05-01', 'http://www.urosario.edu.co/'),
(7, 1, 1, 'Economia', '1298', 36, 3, 0, 8, 1, 1, '2016-05-01', 'http://www.urosario.edu.co/'),
(8, 1, 1, 'Administracion de empresas', '1299', 34, 3, 0, 10, 1, 1, '2016-05-01', 'http://www.urosario.edu.co/'),
(9, 1, 1, 'Filosofia', '1300', 24, 3, 0, 8, 1, 1, '2016-05-01', 'http://www.urosario.edu.co/'),
(10, 1, 1, 'Especializacion en anestesiologia', '1301', 20, 4, 0, 3, 1, 1, '2016-05-01', 'http://www.urosario.edu.co/'),
(11, 1, 1, 'Especializacion en cardiologia', '1302', 20, 4, 0, 2, 1, 1, '2016-05-01', 'http://www.urosario.edu.co/'),
(12, 1, 1, 'Especializacion en cirugia general', '1303', 20, 4, 0, 4, 1, 1, '2016-05-01', 'http://www.urosario.edu.co/'),
(13, 1, 1, 'Especializacion en gastroenterologia', '1304', 20, 4, 0, 2, 1, 1, '2016-05-01', 'http://www.urosario.edu.co/'),
(14, 1, 1, 'Especializacion en ginecologia y obstetricia', '1305', 20, 4, 0, 3, 1, 1, '2016-05-01', 'http://www.urosario.edu.co/'),
(15, 1, 1, 'Especializacion en hematologia', '1306', 20, 4, 0, 2, 1, 1, '2016-05-01', 'http://www.urosario.edu.co/'),
(16, 1, 1, 'Especializacion en medicina interna', '1307', 20, 4, 0, 6, 1, 1, '2016-05-01', 'http://www.urosario.edu.co/'),
(17, 1, 1, 'Especializacion en nefrologia', '1308', 20, 4, 0, 2, 1, 1, '2016-05-01', 'http://www.urosario.edu.co/'),
(18, 1, 1, 'Especializacion en neurocirugia', '1309', 20, 4, 0, 5, 1, 1, '2016-05-01', 'http://www.urosario.edu.co/'),
(19, 1, 1, 'Especializacion en neurologia', '1310', 20, 4, 0, 8, 1, 1, '2016-05-01', 'http://www.urosario.edu.co/'),
(20, 1, 1, 'Especializacion en oftalmologia', '1311', 20, 4, 0, 3, 1, 1, '2016-05-01', 'http://www.urosario.edu.co/'),
(21, 1, 1, 'Especializacion en ortopedia y traumatologia', '1312', 20, 4, 0, 8, 1, 1, '2016-05-01', 'http://www.urosario.edu.co/'),
(22, 1, 1, 'Especializacion en otorrinolaringologia', '1313', 20, 4, 0, 8, 1, 1, '2016-05-01', 'http://www.urosario.edu.co/'),
(23, 1, 1, 'Especializacion en patologia', '1314', 20, 4, 0, 3, 1, 1, '2016-05-01', 'http://www.urosario.edu.co/'),
(24, 1, 1, 'Especializacion en pediatria', '1315', 20, 4, 0, 6, 1, 1, '2016-05-01', 'http://www.urosario.edu.co/'),
(25, 1, 1, 'Especializacion en psiquiatria', '1316', 20, 4, 0, 6, 1, 1, '2016-05-01', 'http://www.urosario.edu.co/'),
(26, 1, 1, 'Especializacion en radiologia', '1317', 20, 4, 0, 4, 1, 1, '2016-05-01', 'http://www.urosario.edu.co/'),
(27, 1, 1, 'Especializacion en urologia', '1318', 20, 4, 0, 4, 1, 1, '2016-05-01', 'http://www.urosario.edu.co/'),
(28, 1, 1, 'Especializacion en endocrinologia', '1319', 20, 4, 0, 2, 1, 1, '2016-05-01', 'http://www.urosario.edu.co/'),
(29, 1, 1, 'Especializacion en cirugia plastica maxilofacial y de la mano', '1320', 20, 4, 0, 4, 1, 1, '2016-05-01', 'http://www.urosario.edu.co/'),
(30, 1, 1, 'Especializacion en medicina nuclear', '1321', 20, 4, 0, 4, 1, 1, '2016-05-01', 'http://www.urosario.edu.co/'),
(31, 1, 1, 'Especializacion en derecho administrativo', '1323', 32, 4, 0, 2, 1, 1, '2016-05-01', 'http://www.urosario.edu.co/'),
(32, 1, 1, 'Especializacion en derecho financiero', '1324', 32, 4, 0, 2, 1, 1, '2016-05-01', 'http://www.urosario.edu.co/'),
(33, 1, 1, 'Especializacion en derecho procesal', '1325', 32, 4, 0, 2, 1, 1, '2016-05-01', 'http://www.urosario.edu.co/'),
(34, 1, 1, 'Especializacion en derecho tributario', '1326', 32, 4, 0, 2, 1, 1, '2016-05-01', 'http://www.urosario.edu.co/'),
(35, 1, 1, 'Especializacion en informatica juridica', '1327', 32, 4, 0, 3, 1, 1, '2016-05-01', 'http://www.urosario.edu.co/'),
(36, 1, 1, 'Especializacion en finanzas', '1328', 34, 4, 0, 2, 1, 1, '2016-05-01', 'http://www.urosario.edu.co/'),
(37, 1, 1, 'Especializacion en  gerencia de mercadeo', '1329', 34, 4, 0, 1, 1, 1, '2016-05-01', 'http://www.urosario.edu.co/'),
(38, 1, 1, 'Especializacion en gerencia de empresas', '1330', 34, 4, 0, 2, 1, 1, '2016-05-01', 'http://www.urosario.edu.co/'),
(39, 1, 1, 'Especializacion en gerencia en gestion humana y desarrollo organizacional', '1331', 34, 4, 0, 2, 1, 1, '2016-05-01', 'http://www.urosario.edu.co/'),
(40, 1, 1, 'Especializacion en  evaluacion y desarrollo de proyectos', '1332', 36, 4, 0, 2, 1, 1, '2016-05-01', 'http://www.urosario.edu.co/'),
(41, 1, 1, 'Maestria en didactica del frances como lengua extranjera', '1333', 12, 5, 0, 4, 1, 1, '2016-05-01', 'http://www.urosario.edu.co/'),
(42, 1, 1, 'Especializacion en desarrollo del lenguaje y su patologia', '2177', 19, 4, 0, 3, 1, 1, '2016-05-01', 'http://www.urosario.edu.co/'),
(43, 1, 1, 'Especializacion en cirugia cardiovascular', '2709', 20, 4, 0, 3, 1, 1, '2016-05-01', 'http://www.urosario.edu.co/'),
(44, 1, 1, 'Especializacion en traduccion frances ingles espanol', '2849', 27, 4, 0, 3, 1, 1, '2016-05-01', 'http://www.urosario.edu.co/'),
(45, 1, 1, 'Especializacion en gerencia y gestion cultural', '3038', 34, 4, 0, 2, 1, 1, '2016-05-01', 'http://www.urosario.edu.co/'),
(46, 1, 1, 'Especializacion en docencia universitaria', '3199', 12, 4, 0, 4, 1, 1, '2016-05-01', 'http://www.urosario.edu.co/'),
(47, 1, 1, 'Sociologia', '4239', 24, 3, 0, 8, 1, 1, '2016-05-01', 'http://www.urosario.edu.co/'),
(48, 1, 1, 'Especializacion en derecho penal', '4305', 32, 4, 0, 2, 1, 1, '2016-05-01', 'http://www.urosario.edu.co/'),
(49, 1, 1, 'Especializacion en derecho ambiental', '4317', 32, 4, 0, 2, 1, 1, '2016-05-01', 'http://www.urosario.edu.co/'),
(50, 1, 1, 'Ciencia politica y gobierno', '4368', 34, 3, 0, 10, 1, 1, '2016-05-01', 'http://www.urosario.edu.co/'),
(51, 1, 1, 'Maestria en derecho administrativo', '4553', 32, 5, 0, 4, 1, 1, '2016-05-01', 'http://www.urosario.edu.co/'),
(52, 1, 1, 'Maestria en docencia universitaria', '4555', 12, 5, 0, 4, 1, 1, '2016-05-01', 'http://www.urosario.edu.co/'),
(53, 1, 1, 'Especializacion en finanzas', '4744', 34, 4, 0, 2, 1, 1, '2016-05-01', 'http://www.urosario.edu.co/'),
(54, 1, 1, 'Especializacion en gerencia de mercadeo', '4745', 34, 4, 0, 2, 1, 1, '2016-05-01', 'http://www.urosario.edu.co/'),
(55, 1, 1, 'Relaciones internacionales', '4753', 33, 3, 0, 10, 1, 1, '2016-05-01', 'http://www.urosario.edu.co/'),
(56, 1, 1, 'Especializacion en negociacion conciliacion y arbitraje', '4798', 32, 4, 0, 4, 1, 1, '2016-05-01', 'http://www.urosario.edu.co/'),
(57, 1, 1, 'Especializacion en mercadeo de servicios de salud', '4854', 34, 4, 0, 3, 1, 1, '2016-05-01', 'http://www.urosario.edu.co/'),
(58, 1, 1, 'Enfermeria', '4874', 18, 3, 0, 9, 1, 1, '2016-05-01', 'http://www.urosario.edu.co/'),
(59, 1, 1, 'Especializacion en toxicologia clinica', '4893', 20, 4, 0, 6, 1, 1, '2016-05-01', 'http://www.urosario.edu.co/'),
(60, 1, 1, 'Especializacion en anestesia cardiotoracica', '4930', 20, 4, 0, 1, 1, 1, '2016-05-01', 'http://www.urosario.edu.co/'),
(61, 1, 1, 'Especializacion en gerencia y gestion social', '5145', 34, 4, 0, 3, 1, 1, '2016-05-01', 'http://www.urosario.edu.co/'),
(62, 1, 1, 'Especializacion en derecho ambiental', '6225', 32, 4, 0, 2, 1, 1, '2016-05-01', 'http://www.urosario.edu.co/'),
(63, 1, 1, 'Especializacion en derecho financiero', '6421', 32, 4, 0, 2, 1, 1, '2016-05-01', 'http://www.urosario.edu.co/'),
(64, 1, 1, 'Especializacion en 34 de empresas', '6487', 34, 4, 0, 3, 1, 1, '2016-05-01', 'http://www.urosario.edu.co/'),
(65, 1, 1, 'Especializacion en cardiologia pediatrica', '6569', 20, 4, 0, 3, 1, 1, '2016-05-01', 'http://www.urosario.edu.co/'),
(66, 1, 1, 'Especializacion en cardiologia intervencionista y hemodinamia', '6570', 20, 4, 0, 2, 1, 1, '2016-05-01', 'http://www.urosario.edu.co/'),
(67, 1, 1, 'Especializacion en gerencia publica y control fiscal', '8123', 32, 4, 0, 2, 1, 1, '2016-05-01', 'http://www.urosario.edu.co/'),
(68, 1, 1, 'Especializacion en derecho financiero', '8249', 32, 4, 0, 2, 1, 1, '2016-05-01', 'http://www.urosario.edu.co/'),
(69, 1, 1, 'Maestria en ciencias con enfasis en genetica humana', '9289', 20, 5, 0, 4, 1, 1, '2016-05-01', 'http://www.urosario.edu.co/'),
(70, 1, 1, 'Especializacion en gerencia de negocios internacionales', '9812', 34, 4, 0, 2, 1, 1, '2016-05-01', 'http://www.urosario.edu.co/'),
(71, 1, 1, 'Especializacion en derecho financiero', '10139', 32, 4, 0, 2, 1, 1, '2016-05-01', 'http://www.urosario.edu.co/'),
(72, 1, 1, 'Especializacion en derecho de la empresa', '10212', 32, 4, 0, 2, 1, 1, '2016-05-01', 'http://www.urosario.edu.co/'),
(73, 1, 1, 'Especializacion en estudios europeos', '10254', 33, 4, 0, 4, 1, 1, '2016-05-01', 'http://www.urosario.edu.co/'),
(74, 1, 1, 'Especializacion en negociacion conciliacion y arbitraje', '10267', 33, 4, 0, 2, 1, 1, '2016-05-01', 'http://www.urosario.edu.co/'),
(75, 1, 1, 'Especializacion en ingles juridico internacional contratos y transacciones comerciales', '10318', 27, 4, 0, 2, 1, 1, '2016-05-01', 'http://www.urosario.edu.co/'),
(76, 1, 1, 'Especializacion en comercio e integracion economica', '10546', 36, 4, 0, 4, 1, 1, '2016-05-01', 'http://www.urosario.edu.co/'),
(77, 1, 1, 'Finanzas y comercio internacional', '10547', 36, 3, 0, 8, 1, 1, '2016-05-01', 'http://www.urosario.edu.co/'),
(78, 1, 1, 'Especializacion en ingles para negocios internacionales avanzados finanzas y operaciones de inversi', '10572', 27, 4, 0, 2, 1, 1, '2016-05-01', 'http://www.urosario.edu.co/'),
(79, 1, 1, 'Administracion de negocios internacionales', '10574', 34, 3, 0, 10, 1, 1, '2016-05-01', 'http://www.urosario.edu.co/'),
(80, 1, 1, 'Especializacion en ciencias basicas del area de la salud', '10634', 20, 4, 0, 4, 1, 1, '2016-05-01', 'http://www.urosario.edu.co/'),
(81, 1, 1, 'Maestria en economia', '10639', 36, 5, 0, 4, 1, 1, '2016-05-01', 'http://www.urosario.edu.co/'),
(82, 1, 1, 'Especializacion en medicina del trabajo', '10978', 15, 4, 0, 3, 1, 1, '2016-05-01', 'http://www.urosario.edu.co/'),
(83, 1, 1, 'Especializacion en etica empresarial y de las organizaciones', '11010', 34, 4, 0, 2, 1, 1, '2016-05-01', 'http://www.urosario.edu.co/'),
(84, 1, 1, 'Especializacion en gestion y liderazgo para la solucion de conflictos', '11012', 34, 4, 0, 5, 1, 1, '2016-05-01', 'http://www.urosario.edu.co/'),
(85, 1, 1, 'Especializacion en gerencia y gestion cultural', '11013', 34, 4, 0, 2, 1, 1, '2016-05-01', 'http://www.urosario.edu.co/'),
(86, 1, 1, 'Especializacion en neurofisiologia clinica', '11048', 20, 4, 0, 2, 1, 1, '2016-05-01', 'http://www.urosario.edu.co/'),
(87, 1, 1, 'Especializacion en gerencia integral de servicios de salud', '11078', 34, 4, 0, 2, 1, 1, '2016-05-01', 'http://www.urosario.edu.co/'),
(88, 1, 1, 'Especializacion  en rehabilitacion cardiaca y pulmonar', '11108', 19, 4, 0, 3, 1, 1, '2016-05-01', 'http://www.urosario.edu.co/'),
(89, 1, 1, 'Especializacion en ecocardiografia', '11109', 20, 4, 0, 2, 1, 1, '2016-05-01', 'http://www.urosario.edu.co/'),
(90, 1, 1, 'Especializacion en derecho de las telecomunicacioanes', '11161', 32, 4, 0, 4, 1, 1, '2016-05-01', 'http://www.urosario.edu.co/'),
(91, 1, 1, 'Especializacion en derecho electoral', '11174', 32, 4, 0, 3, 1, 1, '2016-05-01', 'http://www.urosario.edu.co/'),
(92, 1, 1, 'Especializacion en medicina estetica', '11286', 20, 4, 0, 3, 1, 1, '2016-05-01', 'http://www.urosario.edu.co/'),
(93, 1, 1, 'Estudios de artes liberales en ciencias sociales', '11485', 22, 3, 0, 8, 1, 1, '2016-05-01', 'http://www.urosario.edu.co/'),
(94, 1, 1, 'Especializacion en  evaluacion y desarrollo de proyectos', '11509', 36, 4, 0, 2, 1, 1, '2016-05-01', 'http://www.urosario.edu.co/'),
(95, 1, 1, 'Especializacion en revisoria fiscal', '11830', 35, 4, 0, 2, 1, 1, '2016-05-01', 'http://www.urosario.edu.co/'),
(96, 1, 1, 'Especializacion en ejercicio fisico para la salud', '12330', 19, 4, 0, 3, 1, 1, '2016-05-01', 'http://www.urosario.edu.co/'),
(97, 1, 1, 'Especializacion en gestion financiera de establecimientos de credito', '13057', 34, 4, 0, 2, 1, 1, '2016-05-01', 'http://www.urosario.edu.co/'),
(98, 1, 1, 'Especializacion en mercado de capitales', '13058', 36, 4, 0, 2, 1, 1, '2016-05-01', 'http://www.urosario.edu.co/'),
(99, 1, 1, 'Especializacion en gestion hospitalaria', '13515', 34, 4, 0, 4, 1, 1, '2016-05-01', 'http://www.urosario.edu.co/'),
(100, 1, 1, 'Especializacion en gerencia de proyectos de teleinformatica', '13532', 34, 4, 0, 2, 1, 1, '2016-05-01', 'http://www.urosario.edu.co/'),
(101, 1, 1, 'Especializacion en administracion de empresas', '13691', 34, 4, 0, 3, 1, 1, '2016-05-01', 'http://www.urosario.edu.co/'),
(102, 1, 1, 'Especializacion en derecho ambiental', '13697', 32, 4, 0, 2, 1, 1, '2016-05-01', 'http://www.urosario.edu.co/'),
(103, 1, 1, 'Especializacion en gerencia y gestion cultural', '13700', 34, 4, 0, 1, 1, 1, '2016-05-01', 'http://www.urosario.edu.co/'),
(104, 1, 1, 'Especializacion en gerencia y gestion social', '13704', 34, 4, 0, 3, 1, 1, '2016-05-01', 'http://www.urosario.edu.co/'),
(105, 1, 1, 'Especializacion en gerencia de mercadeo', '13705', 34, 4, 0, 2, 1, 1, '2016-05-01', 'http://www.urosario.edu.co/'),
(106, 1, 1, 'Especializacion en mercadeo de servicios de salud', '13706', 34, 4, 0, 3, 1, 1, '2016-05-01', 'http://www.urosario.edu.co/'),
(107, 1, 1, 'Especializacion en gerencia de proyectos de telecomunicaciones', '14847', 34, 4, 0, 2, 1, 1, '2016-05-01', 'http://www.urosario.edu.co/'),
(108, 1, 1, 'Especializacion en gerencia de proyectos de sistemas', '14858', 34, 4, 0, 2, 1, 1, '2016-05-01', 'http://www.urosario.edu.co/'),
(109, 1, 1, 'Especializacion en derecho ambiental', '15428', 32, 4, 0, 2, 1, 1, '2016-05-01', 'http://www.urosario.edu.co/'),
(110, 1, 1, 'Especializacion en terapia manual', '15499', 19, 4, 0, 4, 1, 1, '2016-05-01', 'http://www.urosario.edu.co/'),
(111, 1, 1, 'Periodismo y opinion publica', '15613', 30, 3, 0, 9, 1, 1, '2016-05-01', 'http://www.urosario.edu.co/'),
(112, 1, 1, 'Especializacion en derecho comercial', '15760', 32, 4, 0, 2, 1, 1, '2016-05-01', 'http://www.urosario.edu.co/'),
(113, 1, 1, 'Especializacion en desarrollo infantil y procesos de aprendizaje', '15778', 19, 4, 0, 4, 1, 1, '2016-05-01', 'http://www.urosario.edu.co/'),
(114, 1, 1, 'Especializacion en prevencion de riesgos laborales', '15958', 15, 4, 0, 4, 1, 1, '2016-05-01', 'http://www.urosario.edu.co/'),
(115, 1, 2, 'Psicologia', '16010', 26, 3, 0, 10, 1, 1, '2016-05-01', 'http://www.urosario.edu.co/'),
(116, 1, 1, 'Especializacion en derecho constitucional', '16027', 32, 4, 0, 2, 1, 1, '2016-05-01', 'http://www.urosario.edu.co/'),
(117, 1, 1, 'Especializacion en medicina de emergencias', '16100', 20, 4, 0, 4, 1, 1, '2016-05-01', 'http://www.urosario.edu.co/'),
(118, 1, 1, 'Especializacion en neonatologia', '16129', 20, 4, 0, 4, 1, 1, '2016-05-01', 'http://www.urosario.edu.co/'),
(119, 1, 1, 'Especializacion en medicina materno fetal', '16130', 20, 4, 0, 2, 1, 1, '2016-05-01', 'http://www.urosario.edu.co/'),
(120, 1, 1, 'Especializacion en  hacienda publica', '16168', 32, 4, 0, 4, 1, 1, '2016-05-01', 'http://www.urosario.edu.co/'),
(121, 1, 1, 'Especializacion en derecho probatorio', '17796', 32, 4, 0, 2, 1, 1, '2016-05-01', 'http://www.urosario.edu.co/'),
(122, 1, 1, 'Especializacion en gerencia y gestion cultural', '17798', 34, 4, 0, 2, 1, 1, '2016-05-01', 'http://www.urosario.edu.co/'),
(123, 1, 1, 'Especializacion en derecho laboral y de la seguridad social', '17800', 32, 4, 0, 2, 1, 1, '2016-05-01', 'http://www.urosario.edu.co/'),
(124, 1, 1, 'Especializacion en derecho contractual', '17803', 32, 4, 0, 2, 1, 1, '2016-05-01', 'http://www.urosario.edu.co/'),
(125, 1, 1, 'Especializacion en traduccion frances ingles espanol', '17804', 27, 4, 0, 3, 1, 1, '2016-05-01', 'http://www.urosario.edu.co/'),
(126, 1, 1, 'Especializacion en gerencia de proyectos de construccion e infraestructura', '17810', 34, 4, 0, 2, 1, 1, '2016-05-01', 'http://www.urosario.edu.co/'),
(127, 1, 1, 'Maestria en filosofia', '19947', 25, 5, 0, 4, 1, 1, '2016-05-01', 'http://www.urosario.edu.co/'),
(128, 1, 1, 'Maestria en direccion y gerencia de empresas', '20851', 34, 5, 0, 4, 1, 1, '2016-05-01', 'http://www.urosario.edu.co/'),
(129, 1, 1, 'Gestion y desarrollo urbanos', '51641', 34, 3, 0, 10, 1, 1, '2016-05-01', 'http://www.urosario.edu.co/'),
(130, 1, 1, 'Especializacion en administracion de empresas', '51784', 34, 4, 0, 2, 1, 1, '2016-05-01', 'http://www.urosario.edu.co/'),
(131, 1, 1, 'Especializacion en gerencia de negocios internacionales', '51785', 34, 4, 0, 2, 1, 1, '2016-05-01', 'http://www.urosario.edu.co/'),
(132, 1, 1, 'Antropologia', '51786', 22, 3, 0, 8, 1, 1, '2016-05-01', 'http://www.urosario.edu.co/'),
(133, 1, 1, 'Especializacion en  finanzas', '51842', 32, 4, 0, 4, 1, 1, '2016-05-01', 'http://www.urosario.edu.co/'),
(134, 1, 1, 'Historia', '51887', 23, 3, 0, 8, 1, 1, '2016-05-01', 'http://www.urosario.edu.co/'),
(135, 1, 1, 'Especializacion en administracion de empresas', '52010', 34, 4, 0, 1, 1, 1, '2016-05-01', 'http://www.urosario.edu.co/'),
(136, 1, 1, 'Especializacion en gerencia de negocios internacionales', '52012', 34, 4, 0, 1, 1, 1, '2016-05-01', 'http://www.urosario.edu.co/'),
(137, 1, 1, 'Especializacion en gestion del mejoramiento y productividad', '52051', 34, 4, 0, 2, 1, 1, '2016-05-01', 'http://www.urosario.edu.co/'),
(138, 1, 1, 'Administracion en logistica y produccion', '52072', 34, 3, 0, 8, 1, 1, '2016-05-01', 'http://www.urosario.edu.co/'),
(139, 1, 1, 'Especializacion en derecho y tecnologias de la informacion', '52073', 32, 4, 0, 3, 1, 1, '2016-05-01', 'http://www.urosario.edu.co/'),
(140, 1, 1, 'Especializacion en evaluacion y desarrollo de proyectos', '52074', 36, 4, 0, 2, 1, 1, '2016-05-01', 'http://www.urosario.edu.co/'),
(141, 1, 1, 'Especializacion en familia infancia juventud y vejez', '52170', 32, 4, 0, 4, 1, 1, '2016-05-01', 'http://www.urosario.edu.co/'),
(142, 1, 1, 'Especializacion en propiedad intelectual', '52171', 32, 4, 0, 3, 1, 1, '2016-05-01', 'http://www.urosario.edu.co/'),
(143, 1, 1, 'Especializacion en cuidado intensivo pediatrico', '52274', 20, 4, 0, 4, 1, 1, '2016-05-01', 'http://www.urosario.edu.co/'),
(144, 1, 1, 'Maestria en mediacion familiar y comunitaria', '52280', 26, 5, 0, 4, 1, 1, '2016-05-01', 'http://www.urosario.edu.co/'),
(145, 1, 1, 'Especializacion en gerencia de negocios internacionales', '52309', 34, 4, 0, 2, 1, 1, '2016-05-01', 'http://www.urosario.edu.co/'),
(146, 1, 1, 'Especializacion en derecho administrativo', '52335', 32, 4, 0, 3, 1, 1, '2016-05-01', 'http://www.urosario.edu.co/'),
(147, 1, 1, 'Especializacion en derecho constitucional', '52336', 32, 4, 0, 3, 1, 1, '2016-05-01', 'http://www.urosario.edu.co/'),
(148, 1, 1, 'Especializacion en derecho medico sanitario', '52337', 32, 4, 0, 2, 1, 1, '2016-05-01', 'http://www.urosario.edu.co/'),
(149, 1, 1, 'Especializacion en investigacion de mercados', '52526', 34, 4, 0, 2, 1, 1, '2016-05-01', 'http://www.urosario.edu.co/'),
(150, 1, 1, 'Especializacion en negociacion conciliacion y arbitraje', '52527', 32, 4, 0, 3, 1, 1, '2016-05-01', 'http://www.urosario.edu.co/'),
(151, 1, 1, 'Especializacion en gerencia de mercadeo', '52896', 34, 4, 0, 2, 1, 1, '2016-05-01', 'http://www.urosario.edu.co/'),
(152, 1, 1, 'Especializacion en derecho laboral y de la seguridad social', '53082', 32, 4, 0, 2, 1, 1, '2016-05-01', 'http://www.urosario.edu.co/'),
(153, 1, 1, 'Especializacion en derecho constitucional', '53083', 32, 4, 0, 2, 1, 1, '2016-05-01', 'http://www.urosario.edu.co/'),
(154, 1, 1, 'Especializacion en derecho procesal', '53084', 32, 4, 0, 2, 1, 1, '2016-05-01', 'http://www.urosario.edu.co/'),
(155, 1, 1, 'Especializacion en derecho contractual', '53085', 32, 4, 0, 3, 1, 1, '2016-05-01', 'http://www.urosario.edu.co/'),
(156, 1, 1, 'Doctorado en economia', '53209', 36, 6, 0, 10, 1, 1, '2016-05-01', 'http://www.urosario.edu.co/'),
(157, 1, 1, 'Doctorado en derecho', '53210', 32, 6, 0, 3, 1, 1, '2016-05-01', 'http://www.urosario.edu.co/'),
(158, 1, 1, 'Maestria en administracion en salud', '53374', 34, 5, 0, 4, 1, 1, '2016-05-01', 'http://www.urosario.edu.co/'),
(159, 1, 1, 'Especializacion en derecho economico y de los mercados', '53608', 32, 4, 0, 6, 1, 1, '2016-05-01', 'http://www.urosario.edu.co/'),
(160, 1, 1, 'Especializacion en derecho urbano', '53736', 32, 4, 0, 2, 1, 1, '2016-05-01', 'http://www.urosario.edu.co/'),
(161, 1, 1, 'Maestria en estudios politicos e internacionales', '53737', 33, 5, 0, 3, 1, 1, '2016-05-01', 'http://www.urosario.edu.co/'),
(162, 1, 1, 'Especializacion en gestion del mejoramiento y productividad', '53848', 34, 4, 0, 2, 1, 1, '2016-05-01', 'http://www.urosario.edu.co/'),
(163, 1, 1, 'Artes liberales en ciencias sociales', '54017', 22, 3, 0, 8, 1, 1, '2016-05-01', 'http://www.urosario.edu.co/'),
(164, 1, 1, 'Especializacion en cirugia vascular periferica y angiologia', '54054', 20, 4, 0, 4, 1, 1, '2016-05-01', 'http://www.urosario.edu.co/'),
(165, 1, 1, 'Especializacion en medicina critica y cuidado intensivo', '54055', 20, 4, 0, 8, 1, 1, '2016-05-01', 'http://www.urosario.edu.co/'),
(166, 1, 1, 'Especializacion en infectologia', '54056', 20, 4, 0, 4, 1, 1, '2016-05-01', 'http://www.urosario.edu.co/'),
(167, 1, 1, 'Especializacion en fisioterapia en paciente adulto critico', '54116', 19, 4, 0, 1, 1, 1, '2016-05-01', 'http://www.urosario.edu.co/'),
(168, 1, 1, 'Especializacion en salud ocupacional', '54304', 15, 4, 0, 3, 1, 1, '2016-05-01', 'http://www.urosario.edu.co/'),
(169, 1, 1, 'Doctorado en ciencias biomedicas', '54339', 20, 6, 0, 8, 1, 1, '2016-05-01', 'http://www.urosario.edu.co/'),
(170, 1, 1, 'Especializacion en gerencia de mercadeo', '54564', 34, 4, 0, 2, 1, 1, '2016-05-01', 'http://www.urosario.edu.co/'),
(171, 1, 1, 'Especializacion en retina y vitreo', '54964', 20, 4, 0, 4, 1, 1, '2016-05-01', 'http://www.urosario.edu.co/'),
(172, 1, 1, 'Especializacion en gestion juridica publica', '90321', 32, 4, 0, 6, 1, 1, '2016-05-01', 'http://www.urosario.edu.co/'),
(173, 1, 1, 'Doctorado en ciencias de la direccion', '90331', 34, 6, 0, 4, 1, 1, '2016-05-01', 'http://www.urosario.edu.co/'),
(174, 1, 1, 'Maestria  en estudios sociales', '90665', 24, 5, 0, 4, 1, 1, '2016-05-01', 'http://www.urosario.edu.co/'),
(175, 1, 1, 'Maestria en derecho', '90708', 32, 5, 0, 4, 1, 1, '2016-05-01', 'http://www.urosario.edu.co/'),
(176, 1, 1, 'Maestria en periodismo', '90760', 30, 5, 0, 3, 1, 1, '2016-05-01', 'http://www.urosario.edu.co/'),
(177, 1, 1, 'Maestria en direccion', '90802', 34, 5, 0, 4, 1, 1, '2016-05-01', 'http://www.urosario.edu.co/'),
(178, 1, 1, 'Maestria en salud ocupacional y ambiental', '90890', 15, 5, 0, 4, 1, 1, '2016-05-01', 'http://www.urosario.edu.co/'),
(179, 1, 1, 'Maestria en direccion', '90971', 36, 5, 0, 4, 1, 1, '2016-05-01', 'http://www.urosario.edu.co/'),
(180, 1, 1, 'Especializacion  en derecho aduanero y del comercio exterior', '91079', 32, 4, 0, 2, 1, 1, '2016-05-01', 'http://www.urosario.edu.co/'),
(181, 1, 1, 'Especializacion  en contratacion estatal y su gestion', '91092', 32, 4, 0, 2, 1, 1, '2016-05-01', 'http://www.urosario.edu.co/'),
(182, 1, 1, 'Especializacion en revisoria fiscal', '91299', 35, 4, 0, 2, 1, 1, '2016-05-01', 'http://www.urosario.edu.co/'),
(183, 1, 1, 'Especializacion en derecho urbano', '101618', 58, 4, 0, 2, 1, 1, '2016-05-01', 'http://www.urosario.edu.co/'),
(184, 1, 1, 'Especializacion en gerencia de empresas', '101638', 35, 4, 0, 1, 1, 1, '2016-05-01', 'http://www.urosario.edu.co/'),
(185, 1, 1, 'Especializacion en derecho internacional de los derechos humanos y derecho internacional humanitario', '101714', 32, 4, 0, 2, 1, 1, '2016-05-01', 'http://www.urosario.edu.co/'),
(186, 1, 1, 'Especializacion en gerencia de proyectos de servicios con tic', '101721', 34, 4, 0, 2, 1, 1, '2016-05-01', 'http://www.urosario.edu.co/'),
(187, 1, 1, 'Especializacion en derecho urbano', '101765', 32, 4, 0, 2, 1, 1, '2016-05-01', 'http://www.urosario.edu.co/'),
(188, 1, 1, 'Especializacion en traduccion', '101783', 27, 4, 0, 3, 1, 1, '2016-05-01', 'http://www.urosario.edu.co/'),
(189, 1, 1, 'Maestria en  genetica humana', '101870', 20, 5, 0, 4, 1, 1, '2016-05-01', 'http://www.urosario.edu.co/'),
(190, 1, 1, 'Maestria en finanzas cuantitativas', '101875', 58, 5, 0, 3, 1, 1, '2016-05-01', 'http://www.urosario.edu.co/'),
(191, 1, 1, 'Especializacion en  arbitraje conciliacion y negociacion', '101894', 32, 4, 0, 3, 1, 1, '2016-05-01', 'http://www.urosario.edu.co/'),
(192, 1, 1, 'Especializacion en gerencia  de empresas', '101897', 34, 4, 0, 2, 1, 1, '2016-05-01', 'http://www.urosario.edu.co/'),
(193, 1, 1, 'Maestria en actividad fisica y salud', '102006', 58, 5, 0, 4, 1, 1, '2016-05-01', 'http://www.urosario.edu.co/'),
(194, 1, 1, 'Especializacion en derecho administrativo', '102176', 32, 4, 0, 2, 1, 1, '2016-05-01', 'http://www.urosario.edu.co/'),
(195, 1, 1, 'Especializacion en derecho comercial', '102217', 32, 4, 0, 2, 1, 1, '2016-05-01', 'http://www.urosario.edu.co/'),
(196, 1, 1, 'Especializacion en medicina del dolor y cuidado paliativo', '102266', 58, 4, 0, 6, 1, 1, '2016-05-01', 'http://www.urosario.edu.co/'),
(197, 1, 1, 'Especializacion en derecho administrativo', '102311', 32, 4, 0, 2, 1, 1, '2016-05-01', 'http://www.urosario.edu.co/'),
(198, 1, 1, 'Especializacion en gastroenterologia y endoscopia digestiva', '102817', 20, 4, 0, 2, 1, 1, '2016-05-01', 'http://www.urosario.edu.co/'),
(199, 1, 2, 'Biologia', '102921', 53, 3, 0, 8, 1, 1, '2016-05-01', 'http://www.urosario.edu.co/'),
(200, 1, 1, 'Especializacion en derecho de las telecomunicaciones y las nuevas tecnologias', '102949', 32, 4, 0, 4, 1, 1, '2016-05-01', 'http://www.urosario.edu.co/'),
(201, 1, 1, 'Especializacion en proteccion de la libre competencia y el consumo en los mercados', '102950', 32, 4, 0, 6, 1, 1, '2016-05-01', 'http://www.urosario.edu.co/'),
(202, 1, 1, 'Especializacion en derecho urbano', '103039', 32, 4, 0, 2, 1, 1, '2016-05-01', 'http://www.urosario.edu.co/'),
(203, 1, 1, 'Doctorado en estudios politicos e internacionales', '103093', 33, 6, 0, 3, 1, 1, '2016-05-01', 'http://www.urosario.edu.co/'),
(204, 1, 1, 'Especializacion en derecho de hidrocarburos', '103701', 32, 4, 0, 2, 1, 1, '2016-05-01', 'http://www.urosario.edu.co/'),
(205, 1, 1, 'Especializacion en derecho de familia', '103702', 32, 4, 0, 2, 1, 1, '2016-05-01', 'http://www.urosario.edu.co/'),
(206, 1, 1, 'Especializacion en derecho de seguros', '103703', 32, 4, 0, 2, 1, 1, '2016-05-01', 'http://www.urosario.edu.co/'),
(207, 1, 1, 'Especializacion en derecho economico de la libre competencia y el consumo', '103831', 32, 4, 0, 2, 1, 1, '2016-05-01', 'http://www.urosario.edu.co/'),
(208, 1, 1, 'Especializacion en derecho economico de la libre competencia y el consumo', '103832', 32, 4, 0, 2, 1, 1, '2016-05-01', 'http://www.urosario.edu.co/'),
(209, 1, 1, 'Maestria en economia de las politicas publicas', '103886', 36, 5, 0, 3, 1, 1, '2016-05-01', 'http://www.urosario.edu.co/'),
(210, 1, 1, 'Especializacion en litigio arbitral nacional e internacional', '103932', 32, 4, 0, 2, 1, 1, '2016-05-01', 'http://www.urosario.edu.co/'),
(211, 1, 1, 'Especializacion en coloproctologia', '104064', 58, 4, 0, 4, 1, 1, '2016-05-01', 'http://www.urosario.edu.co/'),
(212, 1, 1, 'Especializacion en gerencia de proyectos de construccion e infraestructura', '104219', 34, 4, 0, 15, 1, 1, '2016-05-01', 'http://www.urosario.edu.co/'),
(213, 1, 1, 'Especializacion en gerencia integral de servicios de salud', '104661', 34, 4, 0, 2, 3, 1, '2016-05-01', 'http://www.urosario.edu.co/'),
(214, 1, 1, 'Especializacion en gerencia y gestion cultural', '104760', 58, 4, 0, 2, 3, 1, '2016-05-01', 'http://www.urosario.edu.co/'),
(215, 1, 1, 'Maestria en actividad fosica y salud', '104866', 58, 5, 0, 4, 1, 1, '2016-05-01', 'http://www.urosario.edu.co/'),
(216, 1, 1, 'Maestria en salud poblica', '104867', 15, 5, 0, 4, 1, 1, '2016-05-01', 'http://www.urosario.edu.co/'),
(217, 1, 1, 'Especializacion en cirugia de mano', '104918', 58, 4, 0, 2, 1, 1, '2016-05-01', 'http://www.urosario.edu.co/'),
(218, 1, 1, 'Especializacion en mastologoa', '104922', 58, 4, 0, 2, 1, 1, '2016-05-01', 'http://www.urosario.edu.co/'),
(219, 1, 1, 'Maestria en seguridad y salud en el trabajo', '105078', 58, 5, 0, 4, 1, 1, '2016-05-01', 'http://www.urosario.edu.co/'),
(220, 1, 1, 'Doctorado en ciencias biomedicas y biologicas', '105184', 20, 6, 0, 8, 1, 1, '2016-05-01', 'http://www.urosario.edu.co/'),
(221, 2, 6, 'Ingenieria de petroleos', '1335', 39, 3, 4588000, 10, 1, 1, '2016-05-01', 'admisionespregrado@uamerica.edu.co'),
(222, 2, 6, 'Ingenieria industrial', '1336', 43, 3, 3854000, 10, 1, 1, '2016-05-01', 'admisionespregrado@uamerica.edu.co'),
(223, 2, 6, 'Ingenieria mecanica', '1337', 42, 3, 3854000, 10, 1, 1, '2016-05-01', 'admisionespregrado@uamerica.edu.co'),
(224, 2, 6, 'Ingenieria quimica', '1338', 41, 3, 4588000, 10, 1, 1, '2016-05-01', 'admisionespregrado@uamerica.edu.co'),
(225, 2, 6, 'Arquitectura', '1339', 37, 3, 3854000, 10, 1, 1, '2016-05-01', 'admisionespregrado@uamerica.edu.co'),
(226, 2, 6, 'Especializacion en ingenieria administrativa y financiera', '10044', 34, 4, 0, 2, 1, 1, '2016-05-01', 'registroposgrado@uamerica.edu.co'),
(227, 2, 6, 'Especializacion en gerencia de recursos humanos', '11018', 34, 4, 0, 2, 1, 1, '2016-05-01', 'registroposgrado@uamerica.edu.co'),
(228, 2, 6, 'Especializacion en gerencia de empresas constructoras', '11024', 34, 4, 8211000, 4, 1, 1, '2016-05-01', 'registroposgrado@uamerica.edu.co'),
(229, 2, 6, 'Ingenieria de produccion', '11091', 43, 3, 0, 10, 1, 1, '2016-05-01', 'admisionespregrado@uamerica.edu.co'),
(230, 2, 6, 'Especializacion en ingenieria administratva y financiera', '11500', 52, 4, 0, 2, 1, 1, '2016-05-01', 'registroposgrado@uamerica.edu.co'),
(231, 2, 6, 'Especializacion en estudios internacionales e integracion economica', '12012', 36, 4, 0, 2, 1, 1, '2016-05-01', 'registroposgrado@uamerica.edu.co'),
(232, 2, 6, 'Economia', '12797', 36, 3, 2473000, 8, 1, 1, '2016-05-01', 'admisionespregrado@uamerica.edu.co'),
(233, 2, 6, 'Especializacion en urbanismo y planeacion territorial', '13315', 37, 4, 0, 2, 1, 1, '2016-05-01', 'registroposgrado@uamerica.edu.co'),
(234, 2, 6, 'Especializacion en gestion ambiental', '13793', 50, 4, 8211000, 2, 1, 1, '2016-05-01', 'registroposgrado@uamerica.edu.co'),
(235, 2, 6, 'Especializacion en gerencia de la calidad', '15354', 34, 4, 8290000, 4, 1, 1, '2016-05-01', 'registroposgrado@uamerica.edu.co'),
(236, 2, 6, 'Especializacion en negocios internacionales e integracion economica', '54604', 36, 4, 0, 2, 1, 1, '2016-05-01', 'registroposgrado@uamerica.edu.co'),
(237, 2, 6, 'Especializacion en gerencia de empresas', '54714', 34, 4, 0, 2, 1, 1, '2016-05-01', 'registroposgrado@uamerica.edu.co'),
(238, 2, 6, 'Especializacion en gerencia del talento humano', '54821', 34, 4, 7582500, 4, 1, 1, '2016-05-01', 'registroposgrado@uamerica.edu.co'),
(239, 2, 6, 'Especializacion en planeacion territorial', '90960', 36, 4, 8211000, 4, 1, 1, '2016-05-01', 'registroposgrado@uamerica.edu.co'),
(240, 2, 6, 'Especializacion en gerencia de empresas', '103244', 34, 4, 7820000, 4, 1, 1, '2016-05-01', 'registroposgrado@uamerica.edu.co'),
(241, 2, 6, 'Especializacion en negocios internacionales e integracion economica', '104957', 36, 4, 7361000, 4, 1, 1, '2016-05-01', 'registroposgrado@uamerica.edu.co'),
(242, 2, 6, 'Maestria en administracion (mba)', '105224', 34, 5, 0, 2, 1, 1, '2016-05-01', 'registroposgrado@uamerica.edu.co'),
(243, 3, 10, 'Tecnologia en sistemas de informacion en salud', '397', 57, 2, 0, 6, 1, 1, '2016-05-01', 'http://www.udea.edu.co/'),
(244, 3, 10, 'Tecnologia en administracion de servicios de salud', '398', 34, 2, 0, 6, 1, 1, '2016-05-01', 'http://www.udea.edu.co/'),
(245, 3, 16, 'Tecnologia de alimentos', '399', 48, 2, 0, 6, 1, 1, '2016-05-01', 'http://www.udea.edu.co/'),
(246, 3, 10, 'Tecnologia quimica', '400', 56, 2, 0, 6, 1, 1, '2016-05-01', 'http://www.udea.edu.co/'),
(247, 3, 10, 'Tecnologia en regencia de farmacia', '401', 36, 2, 0, 3, 1, 1, '2016-05-01', 'http://www.udea.edu.co/'),
(248, 3, 10, 'Tecnologia en saneamiento ambiental', '402', 50, 2, 0, 6, 1, 1, '2016-05-01', 'http://www.udea.edu.co/'),
(249, 3, 10, 'Medicina veterinaria', '403', 3, 3, 0, 10, 1, 1, '2016-05-01', 'http://www.udea.edu.co/'),
(250, 3, 10, 'Zootecnia', '404', 2, 3, 0, 10, 1, 1, '2016-05-01', 'http://www.udea.edu.co/'),
(251, 3, 10, 'Artes plasticas', '405', 4, 3, 0, 8, 1, 1, '2016-05-01', 'http://www.udea.edu.co/'),
(252, 3, 10, 'Arte dramatico', '406', 7, 3, 0, 8, 1, 1, '2016-05-01', 'http://www.udea.edu.co/'),
(253, 3, 10, 'Musica- canto', '407', 6, 3, 0, 8, 1, 1, '2016-05-01', 'http://www.udea.edu.co/'),
(254, 3, 10, 'Musica instrumento', '408', 6, 3, 0, 8, 1, 1, '2016-05-01', 'http://www.udea.edu.co/'),
(255, 3, 10, 'Licenciatura en educacion musical', '409', 12, 3, 0, 8, 1, 1, '2016-05-01', 'http://www.udea.edu.co/'),
(256, 3, 10, 'Licenciatura en educacion preescolar', '410', 12, 3, 0, 8, 1, 1, '2016-05-01', 'http://www.udea.edu.co/'),
(257, 3, 10, 'Licenciatura en educacion primaria', '411', 12, 3, 0, 8, 1, 1, '2016-05-01', 'http://www.udea.edu.co/'),
(258, 3, 10, 'Licenciatura en educacion especial', '412', 12, 3, 0, 10, 1, 1, '2016-05-01', 'http://www.udea.edu.co/'),
(259, 3, 10, 'Licenciatura en educacion fisica', '413', 12, 3, 0, 10, 1, 1, '2016-05-01', 'http://www.udea.edu.co/'),
(260, 3, 10, 'Licenciatura en historia y filosofia', '414', 12, 3, 0, 8, 1, 1, '2016-05-01', 'http://www.udea.edu.co/'),
(261, 3, 10, 'Licenciatura en geografia e historia', '415', 12, 3, 0, 9, 1, 1, '2016-05-01', 'http://www.udea.edu.co/'),
(262, 3, 10, 'Licenciatura en geografia e historia', '416', 12, 3, 0, 8, 4, 1, '2016-05-01', 'http://www.udea.edu.co/'),
(263, 3, 10, 'Licenciatura en filosofia', '417', 12, 3, 0, 10, 1, 1, '2016-05-01', 'http://www.udea.edu.co/'),
(264, 3, 10, 'Licenciatura en espanol y literatura', '418', 12, 3, 0, 8, 1, 1, '2016-05-01', 'http://www.udea.edu.co/'),
(265, 3, 10, 'Licenciatura en estudios biblicos', '419', 12, 3, 0, 6, 1, 1, '2016-05-01', 'http://www.udea.edu.co/'),
(266, 3, 10, 'Licenciatura en lenguas  extranjeras', '420', 12, 3, 0, 10, 1, 1, '2016-05-01', 'http://www.udea.edu.co/'),
(267, 3, 10, 'Espanol- literatura', '421', 27, 3, 0, 8, 1, 1, '2016-05-01', 'http://www.udea.edu.co/'),
(268, 3, 10, 'Licenciatura en educacion- mecanica industrial', '422', 12, 3, 0, 8, 1, 1, '2016-05-01', 'http://www.udea.edu.co/'),
(269, 3, 10, 'Licenciatura en electrotecnia', '423', 12, 3, 0, 8, 4, 1, '2016-05-01', 'http://www.udea.edu.co/'),
(270, 3, 10, 'Licenciatura en educacion ciencias naturales', '425', 12, 3, 0, 8, 1, 1, '2016-05-01', 'http://www.udea.edu.co/'),
(271, 3, 10, 'Microbiologia y bioanalisis', '426', 13, 3, 0, 10, 1, 1, '2016-05-01', 'http://www.udea.edu.co/'),
(272, 3, 10, 'Enfermeria', '427', 18, 3, 0, 8, 1, 1, '2016-05-01', 'http://www.udea.edu.co/'),
(273, 3, 10, 'Medicina', '428', 20, 3, 0, 13, 1, 1, '2016-05-01', 'http://www.udea.edu.co/'),
(274, 3, 10, 'Nutricion y dietetica', '429', 17, 3, 0, 10, 1, 1, '2016-05-01', 'http://www.udea.edu.co/'),
(275, 3, 10, 'Odontologia', '430', 14, 3, 0, 10, 1, 1, '2016-05-01', 'http://www.udea.edu.co/'),
(276, 3, 10, 'Antropologia', '431', 22, 3, 0, 8, 1, 1, '2016-05-01', 'http://www.udea.edu.co/'),
(277, 3, 10, 'Bibliotecologia', '432', 29, 3, 0, 8, 1, 1, '2016-05-01', 'http://www.udea.edu.co/'),
(278, 3, 10, 'Comunicacion social - periodismo', '433', 30, 3, 0, 8, 1, 1, '2016-05-01', 'http://www.udea.edu.co/'),
(279, 3, 10, 'Psicologia', '434', 26, 3, 0, 10, 1, 1, '2016-05-01', 'http://www.udea.edu.co/'),
(280, 3, 10, 'Trabajo social', '435', 24, 3, 0, 10, 1, 1, '2016-05-01', 'http://www.udea.edu.co/'),
(281, 3, 10, 'Sociologia', '436', 24, 3, 0, 8, 1, 1, '2016-05-01', 'http://www.udea.edu.co/'),
(282, 3, 10, 'Derecho', '437', 32, 3, 0, 10, 1, 1, '2016-05-01', 'http://www.udea.edu.co/'),
(283, 3, 10, 'Economia', '438', 36, 3, 0, 10, 1, 1, '2016-05-01', 'http://www.udea.edu.co/'),
(284, 3, 10, 'Administracion de empresas', '439', 34, 3, 0, 10, 1, 1, '2016-05-01', 'http://www.udea.edu.co/'),
(285, 3, 10, 'Contaduria publica', '440', 35, 3, 0, 10, 1, 1, '2016-05-01', 'http://www.udea.edu.co/'),
(286, 3, 10, 'Filosofia', '441', 25, 3, 0, 10, 1, 1, '2016-05-01', 'http://www.udea.edu.co/'),
(287, 3, 10, 'Historia', '442', 23, 3, 0, 8, 1, 1, '2016-05-01', 'http://www.udea.edu.co/'),
(288, 3, 10, 'Idiomas', '443', 27, 3, 0, 8, 1, 1, '2016-05-01', 'http://www.udea.edu.co/'),
(289, 3, 10, 'Ingenieria de sistemas', '444', 46, 3, 0, 10, 1, 1, '2016-05-01', 'http://www.udea.edu.co/'),
(290, 3, 10, 'Ingenieria electrica', '445', 45, 3, 0, 10, 1, 1, '2016-05-01', 'http://www.udea.edu.co/'),
(291, 3, 10, 'Ingenieria electronica', '446', 44, 3, 0, 10, 1, 1, '2016-05-01', 'http://www.udea.edu.co/'),
(292, 3, 10, 'Ingenieria industrial', '447', 43, 3, 0, 10, 1, 1, '2016-05-01', 'http://www.udea.edu.co/'),
(293, 3, 10, 'Ingenieria mecanica', '448', 42, 3, 0, 10, 1, 1, '2016-05-01', 'http://www.udea.edu.co/'),
(294, 3, 10, 'Ingenieria metalurgica', '449', 39, 3, 0, 10, 1, 1, '2016-05-01', 'http://www.udea.edu.co/'),
(295, 3, 10, 'Ingenieria quimica', '450', 41, 3, 0, 10, 1, 1, '2016-05-01', 'http://www.udea.edu.co/'),
(296, 3, 10, 'Ingenieria sanitaria', '451', 50, 3, 0, 10, 1, 1, '2016-05-01', 'http://www.udea.edu.co/'),
(297, 3, 10, 'Biologia', '452', 53, 3, 0, 10, 1, 1, '2016-05-01', 'http://www.udea.edu.co/'),
(298, 3, 10, 'Fisica', '453', 54, 3, 0, 10, 1, 1, '2016-05-01', 'http://www.udea.edu.co/'),
(299, 3, 10, 'Matematicas', '454', 57, 3, 0, 10, 1, 1, '2016-05-01', 'http://www.udea.edu.co/'),
(300, 3, 10, 'Quimica', '455', 56, 3, 0, 10, 1, 1, '2016-05-01', 'http://www.udea.edu.co/'),
(301, 3, 10, 'Quimica farmaceutica', '456', 56, 3, 0, 10, 1, 1, '2016-05-01', 'http://www.udea.edu.co/'),
(302, 3, 10, 'Especializacion en supervision educativa', '457', 12, 4, 0, 1, 1, 1, '2016-05-01', 'http://www.udea.edu.co/'),
(303, 3, 10, 'Especializacion en cirugia general', '458', 20, 4, 0, 8, 1, 1, '2016-05-01', 'http://www.udea.edu.co/'),
(304, 3, 10, 'Especializacion en cirugia infantil', '459', 20, 4, 0, 2, 1, 1, '2016-05-01', 'http://www.udea.edu.co/'),
(305, 3, 10, 'Especializacion en dermatologia', '460', 20, 4, 0, 3, 1, 1, '2016-05-01', 'http://www.udea.edu.co/'),
(306, 3, 10, 'Especializacion en epidemiologia', '461', 15, 4, 0, 3, 1, 1, '2016-05-01', 'http://www.udea.edu.co/'),
(307, 3, 10, 'Especializacion en ginecologia y obstetricia', '462', 20, 4, 0, 3, 1, 1, '2016-05-01', 'http://www.udea.edu.co/'),
(308, 3, 10, 'Especializacion en medicina fisica y rehabilitacion', '463', 20, 4, 0, 3, 1, 1, '2016-05-01', 'http://www.udea.edu.co/'),
(309, 3, 10, 'Especializacion en medicina interna', '464', 20, 4, 0, 3, 1, 1, '2016-05-01', 'http://www.udea.edu.co/'),
(310, 3, 10, 'Especializacion en nefrologia', '465', 20, 4, 0, 2, 1, 1, '2016-05-01', 'http://www.udea.edu.co/'),
(311, 3, 10, 'Especializacion en neurocirugia', '466', 20, 4, 0, 10, 1, 1, '2016-05-01', 'http://www.udea.edu.co/'),
(312, 3, 10, 'Especializacion en neurologia', '467', 20, 4, 0, 4, 1, 1, '2016-05-01', 'http://www.udea.edu.co/'),
(313, 3, 10, 'Especializacion en oftalmologia', '468', 20, 4, 0, 3, 1, 1, '2016-05-01', 'http://www.udea.edu.co/'),
(314, 3, 10, 'Especializacion en ortopedia y traumatologia', '469', 20, 4, 0, 4, 1, 1, '2016-05-01', 'http://www.udea.edu.co/'),
(315, 3, 10, 'Especializacion en otorrinolaringologia y cirugia de cabeza y cuello', '470', 20, 4, 0, 0, 1, 1, '2016-05-01', 'http://www.udea.edu.co/'),
(316, 3, 10, 'Especializacion en patologia', '471', 20, 4, 0, 3, 1, 1, '2016-05-01', 'http://www.udea.edu.co/'),
(317, 3, 10, 'Especializacion en pediatria', '472', 20, 4, 0, 3, 1, 1, '2016-05-01', 'http://www.udea.edu.co/'),
(318, 3, 10, 'Especializacion en psiquiatria', '473', 20, 4, 0, 3, 1, 1, '2016-05-01', 'http://www.udea.edu.co/'),
(319, 3, 10, 'Especializacion en radiologia', '474', 20, 4, 0, 3, 1, 1, '2016-05-01', 'http://www.udea.edu.co/'),
(320, 3, 10, 'Especializacion en radioterapia', '475', 20, 4, 0, 1, 1, 1, '2016-05-01', 'http://www.udea.edu.co/'),
(321, 3, 10, 'Especializacion en reumatologia', '476', 20, 4, 0, 2, 1, 1, '2016-05-01', 'http://www.udea.edu.co/'),
(322, 3, 10, 'Especializacion en urologia', '477', 20, 4, 0, 4, 1, 1, '2016-05-01', 'http://www.udea.edu.co/'),
(323, 3, 10, 'Especializacion en salud ocupacional', '478', 43, 4, 0, 3, 1, 1, '2016-05-01', 'http://www.udea.edu.co/'),
(324, 3, 10, 'Especializacion en cirugia plastica maxilofacial y de la mano', '479', 20, 4, 0, 4, 1, 1, '2016-05-01', 'http://www.udea.edu.co/'),
(325, 3, 10, 'Especializacion clinica en odontologia integral del nino y ortopedia maxilar', '480', 14, 4, 0, 6, 1, 1, '2016-05-01', 'http://www.udea.edu.co/'),
(326, 3, 10, 'Especializacion clinica en odontologia integral del adulto', '481', 14, 4, 0, 6, 1, 1, '2016-05-01', 'http://www.udea.edu.co/'),
(327, 3, 10, 'Especializacion en cirugia oral y maxilofacial', '482', 14, 4, 0, 8, 1, 1, '2016-05-01', 'http://www.udea.edu.co/'),
(328, 3, 10, 'Especializacion en administracion de servicios de salud', '483', 34, 4, 0, 2, 1, 1, '2016-05-01', 'http://www.udea.edu.co/'),
(329, 3, 10, 'Especializacion en anestesiologia y reanimacion', '484', 20, 4, 0, 6, 1, 1, '2016-05-01', 'http://www.udea.edu.co/'),
(330, 3, 10, 'Especializacion en medicina aplicada a la actividad fisica y al deporte', '485', 20, 4, 0, 6, 1, 1, '2016-05-01', 'http://www.udea.edu.co/'),
(331, 3, 10, 'Especializacion clinica en odontologia integral del adolescente y ortodoncia', '486', 14, 4, 0, 6, 1, 1, '2016-05-01', 'http://www.udea.edu.co/'),
(332, 3, 10, 'Especializacion en rehabilitacion en enfermeria', '487', 18, 4, 0, 2, 1, 1, '2016-05-01', 'http://www.udea.edu.co/'),
(333, 3, 10, 'Especializacion en terapia familiar', '488', 26, 4, 0, 3, 1, 1, '2016-05-01', 'http://www.udea.edu.co/'),
(334, 3, 10, 'Especializacion en derecho de familia', '489', 32, 4, 0, 2, 1, 1, '2016-05-01', 'http://www.udea.edu.co/'),
(335, 3, 10, 'Especializacion en ciencias forenses', '490', 53, 4, 0, 2, 1, 1, '2016-05-01', 'http://www.udea.edu.co/'),
(336, 3, 10, 'Especializacion en politica economica', '491', 36, 4, 0, 3, 1, 1, '2016-05-01', 'http://www.udea.edu.co/'),
(337, 3, 10, 'Especializacion en finanzas, preparacion y evaluacion de proyectos', '492', 34, 4, 0, 2, 1, 1, '2016-05-01', 'http://www.udea.edu.co/'),
(338, 3, 10, 'Especializacion en alta gerencia', '493', 34, 4, 0, 1, 1, 1, '2016-05-01', 'http://www.udea.edu.co/'),
(339, 3, 10, 'Especializacion en evaluacion socio - economica de proyectos', '494', 58, 4, 0, 2, 1, 1, '2016-05-01', 'http://www.udea.edu.co/'),
(340, 3, 10, 'Especializacion en teoria y decisiones administrativas', '495', 34, 4, 0, 3, 1, 1, '2016-05-01', 'http://www.udea.edu.co/'),
(341, 3, 10, 'Especializacion en auditoria de sistemas', '496', 35, 4, 0, 0, 1, 1, '2016-05-01', 'http://www.udea.edu.co/'),
(342, 3, 10, 'Maestria en educacion:orientacion y consejeria', '497', 12, 5, 0, 6, 1, 1, '2016-05-01', 'http://www.udea.edu.co/'),
(343, 3, 10, 'Maestria en educacion: administracion educativa', '498', 34, 5, 0, 4, 1, 1, '2016-05-01', 'http://www.udea.edu.co/'),
(344, 3, 10, 'Maestria en educacion:psicopedagogia', '499', 12, 5, 0, 5, 1, 1, '2016-05-01', 'http://www.udea.edu.co/'),
(345, 3, 10, 'Maestria en docencia', '500', 12, 5, 0, 5, 1, 1, '2016-05-01', 'http://www.udea.edu.co/'),
(346, 3, 10, 'Maestria en educacion:sociologia de la educacion', '501', 24, 5, 0, 5, 1, 1, '2016-05-01', 'http://www.udea.edu.co/'),
(347, 3, 10, 'Maestria en fisiologia', '502', 20, 5, 0, 4, 1, 1, '2016-05-01', 'http://www.udea.edu.co/'),
(348, 3, 10, 'Maestria en salud publica', '503', 15, 5, 0, 4, 1, 1, '2016-05-01', 'http://www.udea.edu.co/'),
(349, 3, 10, 'Maestria en epidemiologia', '504', 15, 5, 0, 4, 1, 1, '2016-05-01', 'http://www.udea.edu.co/'),
(350, 3, 10, 'Maestria en inmunologia', '505', 20, 5, 0, 4, 1, 1, '2016-05-01', 'http://www.udea.edu.co/'),
(351, 3, 10, 'Maestria en virologia', '506', 15, 5, 0, 4, 1, 1, '2016-05-01', 'http://www.udea.edu.co/'),
(352, 3, 10, 'Maestria en salud colectiva', '507', 15, 5, 0, 4, 1, 1, '2016-05-01', 'http://www.udea.edu.co/'),
(353, 3, 10, 'Maestria en ciencias sociales', '508', 22, 5, 0, 2, 1, 1, '2016-05-01', 'http://www.udea.edu.co/'),
(354, 3, 10, 'Maestria en problemas sociales contemporaneos', '509', 22, 5, 0, 4, 1, 1, '2016-05-01', 'http://www.udea.edu.co/'),
(355, 3, 10, 'Maestria en ciencias politicas', '510', 33, 5, 0, 4, 1, 1, '2016-05-01', 'http://www.udea.edu.co/'),
(356, 3, 10, 'Maestria en filosofia', '511', 25, 5, 0, 6, 1, 1, '2016-05-01', 'http://www.udea.edu.co/'),
(357, 3, 10, 'Maestria en literatura colombiana', '512', 27, 5, 0, 4, 1, 1, '2016-05-01', 'http://www.udea.edu.co/'),
(358, 3, 10, 'MAESTRIA EN LINGÜISTICA', '513', 27, 5, 0, 4, 1, 1, '2016-05-01', 'http://www.udea.edu.co/'),
(359, 3, 10, 'MAESTRIA EN ESTUDIOS BIBLICOS', '514', 25, 5, 0, 4, 1, 1, '2016-05-01', 'http://www.udea.edu.co/'),
(360, 3, 10, 'MAESTRIA EN INGENIERIA AMBIENTAL', '515', 50, 5, 0, 4, 1, 1, '2016-05-01', 'http://www.udea.edu.co/'),
(361, 3, 10, 'MAESTRIA EN BIOLOGIA', '516', 53, 5, 0, 4, 1, 1, '2016-05-01', 'http://www.udea.edu.co/'),
(362, 3, 10, 'MAESTRIA EN FISICA', '517', 54, 5, 0, 4, 1, 1, '2016-05-01', 'http://www.udea.edu.co/'),
(363, 3, 10, 'MAESTRIA EN QUIMICA', '518', 56, 5, 0, 4, 1, 1, '2016-05-01', 'http://www.udea.edu.co/'),
(364, 3, 10, 'MAESTRIA EN CIENCIAS BASICAS BIOMEDICAS', '519', 20, 5, 0, 4, 1, 1, '2016-05-01', 'http://www.udea.edu.co/'),
(365, 3, 10, 'DOCTORADO EN FILOSOFIA', '521', 25, 6, 0, 3, 1, 1, '2016-05-01', 'http://www.udea.edu.co/'),
(366, 3, 10, 'DOCTORADO EN CIENCIAS BASICAS BIOMEDICAS', '677', 20, 6, 0, 8, 1, 1, '2016-05-01', 'http://www.udea.edu.co/'),
(367, 3, 10, 'ESPECIALIZACION EN GESTION TRIBUTARIA', '2833', 35, 4, 0, 2, 1, 1, '2016-05-01', 'http://www.udea.edu.co/'),
(368, 3, 10, 'ESPECIALIZACION EN CIENCIAS ELECTRONICAS E INFORMATICA', '2897', 44, 4, 0, 5, 1, 1, '2016-05-01', 'http://www.udea.edu.co/'),
(369, 3, 10, 'ESPECIALIZACION EN TRADUCCION', '2913', 27, 4, 0, 2, 1, 1, '2016-05-01', 'http://www.udea.edu.co/'),
(370, 3, 10, 'ESPECIALIZACION EN FILOSOFIA', '2997', 25, 4, 0, 2, 1, 1, '2016-05-01', 'http://www.udea.edu.co/'),
(371, 3, 10, 'ESPECIALIZACION EN CIENCIAS SOCIALES', '3011', 22, 4, 0, 3, 1, 1, '2016-05-01', 'http://www.udea.edu.co/'),
(372, 3, 10, 'ESPECIALIZACION EN CIENCIA Y TECNOLOGIA DE ALIMENTOS', '3057', 48, 4, 0, 3, 1, 1, '2016-05-01', 'http://www.udea.edu.co/'),
(373, 3, 10, 'INSTRUMENTACIÓN QUIRÚRGICA', '3275', 21, 3, 0, 8, 1, 1, '2016-05-01', 'http://www.udea.edu.co/'),
(374, 3, 10, 'ESPECIALIZACION EN ADMINISTRACION DEPORTIVA', '3284', 34, 4, 0, 2, 1, 1, '2016-05-01', 'http://www.udea.edu.co/'),
(375, 3, 10, 'ESPECIALIZACION EN EDUCACION:DESARROLLO DEL PENSAMIENTO REFLEXIVO Y LA CREATIVIDAD', '3341', 12, 4, 0, 2, 1, 1, '2016-05-01', 'http://www.udea.edu.co/'),
(376, 3, 10, 'GERENCIA EN SISTEMAS DE INFORMACIÓN EN SALUD', '3431', 34, 3, 0, 10, 1, 1, '2016-05-01', 'http://www.udea.edu.co/'),
(377, 3, 10, 'ESPECIALIZACION EN PERIODISMO INVESTIGATIVO', '3446', 30, 4, 0, 3, 1, 1, '2016-05-01', 'http://www.udea.edu.co/'),
(378, 3, 10, 'ESPECIALIZACION EN CIENCIAS BASICAS BIOMEDICAS', '3593', 20, 4, 0, 2, 1, 1, '2016-05-01', 'http://www.udea.edu.co/'),
(379, 3, 10, 'LICENCIATURA EN EDUCACION TECNOLOGIA', '3657', 12, 3, 0, 0, 1, 1, '2016-05-01', 'http://www.udea.edu.co/'),
(380, 3, 10, 'INGENIERIA DE MATERIALES', '3678', 39, 3, 0, 10, 1, 1, '2016-05-01', 'http://www.udea.edu.co/'),
(381, 3, 10, 'ESPECIALIZACION EN NUTRICION HUMANA', '3703', 17, 4, 0, 3, 1, 1, '2016-05-01', 'http://www.udea.edu.co/'),
(382, 3, 10, 'ESPECIALIZACION EN COMUNICACION ORGANIZACIONAL', '3764', 30, 4, 0, 3, 1, 1, '2016-05-01', 'http://www.udea.edu.co/'),
(383, 3, 10, 'ESPECIALIZACION EN DIDACTICA DE LAS LENGUAS EXTRANJERAS', '3781', 12, 4, 0, 2, 1, 1, '2016-05-01', 'http://www.udea.edu.co/'),
(384, 3, 10, 'CIENCIA Y TECNOLOGIA DE ALIMENTOS', '3813', 48, 3, 0, 8, 1, 1, '2016-05-01', 'http://www.udea.edu.co/'),
(385, 3, 10, 'Especializacion en teorias metodos y tecnicas en investigacion social', '3974', 24, 4, 0, 2, 1, 1, '2016-05-01', 'http://www.udea.edu.co/'),
(386, 3, 10, 'Especializacion en produccion animal', '4302', 2, 4, 0, 3, 1, 1, '2016-05-01', 'http://www.udea.edu.co/'),
(387, 3, 10, 'Especializacion en atencion farmaceutica', '4369', 34, 4, 0, 3, 1, 1, '2016-05-01', 'http://www.udea.edu.co/'),
(388, 3, 10, 'Doctorado en ciencias quimicas', '4758', 56, 6, 0, 4, 1, 1, '2016-05-01', 'http://www.udea.edu.co/'),
(389, 3, 10, 'Doctorado en educacion', '4759', 12, 6, 0, 6, 1, 1, '2016-05-01', 'http://www.udea.edu.co/'),
(390, 3, 10, 'Especializacion en docencia de la matematica', '4791', 12, 4, 0, 3, 1, 1, '2016-05-01', 'http://www.udea.edu.co/'),
(391, 3, 10, 'Especializacion en ninos con enfasis en psicologia clinica cognitivocomportamental y neuropsicologia infantil', '4800', 26, 4, 0, 2, 1, 1, '2016-05-01', 'http://www.udea.edu.co/'),
(392, 3, 10, 'Especializacion en ninos con enfasis en psicoanalisis', '4801', 26, 4, 0, 2, 1, 1, '2016-05-01', 'http://www.udea.edu.co/'),
(393, 3, 10, 'Especializacion en gestion ambiental', '4877', 50, 4, 0, 2, 1, 1, '2016-05-01', 'http://www.udea.edu.co/'),
(394, 3, 10, 'Especializacion en educacion en ciencias experimentales', '4886', 12, 4, 0, 1, 1, 1, '2016-05-01', 'http://www.udea.edu.co/'),
(395, 3, 10, 'Especializacion en educacion fisica: entrenamiento deportivo', '4889', 31, 4, 0, 4, 1, 1, '2016-05-01', 'http://www.udea.edu.co/'),
(396, 3, 10, 'Especializacion en gerencia integral de servicios de salud', '4892', 34, 4, 0, 3, 1, 1, '2016-05-01', 'http://www.udea.edu.co/'),
(397, 3, 10, 'Especializacion en gerencia integral en servicios de salud enfasis servicios de laboratorio clinico', '4894', 34, 4, 0, 3, 1, 1, '2016-05-01', 'http://www.udea.edu.co/'),
(398, 3, 10, 'Especializacion en logistica integral', '5012', 43, 4, 0, 2, 1, 1, '2016-05-01', 'http://www.udea.edu.co/');
INSERT INTO `programas` (`id`, `Universidad`, `Sede`, `Nombre`, `codigo_SNIES`, `nucleo_basico_conocimiento`, `nivel_formacion`, `costos`, `numero_semestres`, `modalidad`, `Jornada`, `fecha_admisiones`, `Correo_contacto`) VALUES
(399, 3, 10, 'Administracion en salud: enfasis en gestion de servicios de salud y  enfasis en gestion sanitaria y ambiental', '5045', 34, 3, 0, 8, 1, 1, '2016-05-01', 'http://www.udea.edu.co/'),
(400, 3, 10, 'Especializacion en derecho penal', '5115', 32, 4, 0, 2, 1, 1, '2016-05-01', 'http://www.udea.edu.co/'),
(401, 3, 10, 'Especializacion en gestion y promocion cultural', '5171', 34, 4, 0, 2, 1, 1, '2016-05-01', 'http://www.udea.edu.co/'),
(402, 3, 10, 'Doctorado en fisica', '5330', 54, 6, 0, 6, 1, 1, '2016-05-01', 'http://www.udea.edu.co/'),
(403, 3, 10, 'Especializacion en asesoria y consultoria de organizaciones', '6556', 34, 4, 0, 2, 1, 1, '2016-05-01', 'http://www.udea.edu.co/'),
(404, 3, 10, 'Especializacion en gerencia de servicios de informacion', '6559', 34, 4, 0, 2, 1, 1, '2016-05-01', 'http://www.udea.edu.co/'),
(405, 3, 10, 'Especializacion en enfermeria en cuidado al adulto en estado critico de salud', '6695', 18, 4, 0, 3, 1, 1, '2016-05-01', 'http://www.udea.edu.co/'),
(406, 3, 10, 'Especializacion en enfermeria en cuidado al nino en estado critico de salud', '6697', 18, 4, 0, 3, 1, 1, '2016-05-01', 'http://www.udea.edu.co/'),
(407, 3, 10, 'Especializacion en educacion fisica:  actividad fisica y salud', '7110', 31, 4, 0, 2, 1, 1, '2016-05-01', 'http://www.udea.edu.co/'),
(408, 3, 10, 'Especializacion en gobierno y cultura politica', '7182', 34, 4, 0, 3, 1, 1, '2016-05-01', 'http://www.udea.edu.co/'),
(409, 3, 10, 'Maestria en matematicas', '7183', 57, 5, 0, 4, 1, 1, '2016-05-01', 'http://www.udea.edu.co/'),
(410, 3, 10, 'Especializacion en dramaturgia', '7505', 7, 4, 0, 2, 1, 1, '2016-05-01', 'http://www.udea.edu.co/'),
(411, 3, 10, 'Especializacion en gerencia agroambiental', '7812', 50, 4, 0, 3, 1, 1, '2016-05-01', 'http://www.udea.edu.co/'),
(412, 3, 10, 'Especializacion en produccion y utilizacion de pastos y forraje', '7919', 1, 4, 0, 3, 1, 1, '2016-05-01', 'http://www.udea.edu.co/'),
(414, 3, 10, 'Especializacion en cirugia vascular', '8212', 20, 4, 0, 2, 1, 1, '2016-05-01', 'http://www.udea.edu.co/'),
(415, 3, 10, 'Especializacion en derecho constitucional', '8352', 32, 4, 0, 2, 1, 1, '2016-05-01', 'http://www.udea.edu.co/'),
(416, 3, 10, 'Especializacion en toxicologia clinica', '8563', 20, 4, 0, 3, 1, 1, '2016-05-01', 'http://www.udea.edu.co/'),
(418, 3, 416, 'Especializacion en ciencias sociales', '8824', 22, 4, 0, 3, 1, 1, '2016-05-01', 'http://www.udea.edu.co/'),
(419, 3, 10, 'Licenciatura en matematicas y fisica', '9278', 12, 3, 0, 8, 1, 1, '2016-05-01', 'http://www.udea.edu.co/'),
(420, 3, 10, 'Maestria en canto', '9287', 6, 5, 0, 4, 1, 1, '2016-05-01', 'http://www.udea.edu.co/'),
(421, 3, 10, 'Maestria en ciencias quimicas', '9302', 56, 5, 0, 4, 1, 1, '2016-05-01', 'http://www.udea.edu.co/'),
(422, 3, 10, 'Doctorado en biologia', '9303', 53, 6, 0, 8, 1, 1, '2016-05-01', 'http://www.udea.edu.co/'),
(424, 3, 10, 'Especializacion en estudios sobre juventud', '9506', 24, 4, 0, 2, 1, 1, '2016-05-01', 'http://www.udea.edu.co/'),
(425, 3, 10, 'Especializacion en citologia ginecologica', '9997', 13, 4, 0, 3, 1, 1, '2016-05-01', 'http://www.udea.edu.co/'),
(426, 3, 10, 'Especializacion en hemodinamica cardiologia intervencionista y vascular periferico', '10010', 20, 4, 0, 4, 1, 1, '2016-05-01', 'http://www.udea.edu.co/'),
(427, 3, 10, 'Especializacion en ingenieria  administrativa hospitalaria', '10011', 52, 4, 0, 4, 1, 1, '2016-05-01', 'http://www.udea.edu.co/'),
(428, 3, 10, 'Especializacion clinica en pequenas especies animales', '10039', 3, 4, 0, 4, 1, 1, '2016-05-01', 'http://www.udea.edu.co/'),
(429, 3, 10, 'Especializacion en ergonomia', '10215', 15, 4, 0, 2, 1, 1, '2016-05-01', 'http://www.udea.edu.co/'),
(430, 3, 10, 'Especializacion en psicologia organizacional', '10300', 26, 4, 0, 2, 1, 1, '2016-05-01', 'http://www.udea.edu.co/'),
(431, 3, 10, 'Periodismo', '10339', 30, 3, 0, 8, 1, 1, '2016-05-01', 'http://www.udea.edu.co/'),
(433, 3, 10, 'Especializacion en opinion publica', '10499', 33, 4, 0, 3, 1, 1, '2016-05-01', 'http://www.udea.edu.co/'),
(434, 3, 10, 'Ingenieria de alimentos', '10555', 48, 3, 0, 10, 1, 1, '2016-05-01', 'http://www.udea.edu.co/'),
(435, 3, 10, 'Bioingenieria', '10578', 49, 3, 0, 10, 1, 1, '2016-05-01', 'http://www.udea.edu.co/'),
(437, 3, 16, 'Licenciatura en educacion basica con enfasis en ciencias sociales', '10733', 12, 3, 0, 12, 1, 1, '2016-05-01', 'http://www.udea.edu.co/'),
(438, 3, 10, 'Licenciatura en educacion basica con enfasis en humanidades lengua castellana', '10734', 12, 3, 0, 10, 1, 1, '2016-05-01', 'http://www.udea.edu.co/'),
(439, 3, 10, 'Licenciatura en pedagogia infantil', '10737', 12, 3, 0, 10, 1, 1, '2016-05-01', 'http://www.udea.edu.co/'),
(440, 3, 10, 'Licenciatura en educacion basica con enfasis en ciencias naturales y educacion ambiental', '10738', 12, 3, 0, 10, 1, 1, '2016-05-01', 'http://www.udea.edu.co/'),
(441, 3, 10, 'Especializacion en educacion en ciencias experimentales', '10739', 12, 4, 0, 2, 1, 1, '2016-05-01', 'http://www.udea.edu.co/'),
(442, 3, 10, 'Licenciatura en educacion basica con enfasis en educacion artistica y cultural:artes representativas', '10740', 12, 3, 0, 10, 1, 1, '2016-05-01', 'http://www.udea.edu.co/'),
(443, 3, 10, 'Especializacion en educacion fisica:actividad fisica y salud', '10741', 31, 4, 0, 2, 1, 1, '2016-05-01', 'http://www.udea.edu.co/'),
(444, 3, 10, 'Licenciatura en educacion basica con enfasis en matematicas', '10745', 12, 3, 0, 10, 1, 1, '2016-05-01', 'http://www.udea.edu.co/'),
(445, 3, 10, 'Especializacion en docencia de las matematicas', '10746', 12, 4, 0, 2, 1, 1, '2016-05-01', 'http://www.udea.edu.co/'),
(446, 3, 10, 'Especializacion en didactica universitaria', '10747', 12, 4, 0, 2, 1, 1, '2016-05-01', 'http://www.udea.edu.co/'),
(447, 3, 10, 'Licenciatura en educacion basica con enfasis en matematicas', '10748', 12, 3, 0, 10, 1, 1, '2016-05-01', 'http://www.udea.edu.co/'),
(448, 3, 10, 'Licenciatura en matematicas y fisica', '10749', 12, 3, 0, 10, 1, 1, '2016-05-01', 'http://www.udea.edu.co/'),
(449, 3, 10, 'Licenciatura en educacion basica con enfasis en ciencias naturales y educacion ambiental', '10750', 12, 3, 0, 10, 1, 1, '2016-05-01', 'http://www.udea.edu.co/'),
(450, 3, 10, 'Licenciatura en educacion basica con enfasis en educacion artistica y cultural:musica', '10751', 12, 3, 0, 10, 1, 1, '2016-05-01', 'http://www.udea.edu.co/'),
(451, 3, 10, 'Especializacion en educacion fisica:entrenamiento deportivo', '10752', 31, 4, 0, 2, 1, 1, '2016-05-01', 'http://www.udea.edu.co/'),
(452, 3, 10, 'Licenciatura en educacion: artes plasticas', '10753', 12, 3, 0, 10, 1, 1, '2016-05-01', 'http://www.udea.edu.co/'),
(453, 3, 10, 'Licenciatura en educacion basica con enfasis en ciencias sociales', '10754', 12, 3, 0, 10, 1, 1, '2016-05-01', 'http://www.udea.edu.co/'),
(454, 3, 10, 'Licenciatura en educacion basica con enfasis en humanidades lengua castellana', '10755', 12, 3, 0, 10, 1, 1, '2016-05-01', 'http://www.udea.edu.co/'),
(455, 3, 10, 'Especializacion en revisoria fiscal', '10896', 35, 4, 0, 2, 1, 1, '2016-05-01', 'http://www.udea.edu.co/'),
(456, 3, 10, 'Especializacion en radiologia intervencionista', '10914', 20, 4, 0, 1, 1, 1, '2016-05-01', 'http://www.udea.edu.co/'),
(457, 3, 10, 'Especializacion en radiologia de trauma y urgencias', '10915', 20, 4, 0, 1, 1, 1, '2016-05-01', 'http://www.udea.edu.co/'),
(458, 3, 10, 'Especializacion en imagen corporal', '10916', 20, 4, 0, 1, 1, 1, '2016-05-01', 'http://www.udea.edu.co/'),
(459, 3, 10, 'Especializacion en neurorradiologia', '10917', 20, 4, 0, 1, 1, 1, '2016-05-01', 'http://www.udea.edu.co/'),
(460, 3, 10, 'Especializacion en combustibles gaseosos', '11362', 42, 4, 0, 3, 1, 1, '2016-05-01', 'http://www.udea.edu.co/'),
(461, 3, 10, 'Maestria en economia', '11371', 36, 5, 0, 5, 1, 1, '2016-05-01', 'http://www.udea.edu.co/'),
(462, 3, 10, 'Maestria en salud ocupacional', '11405', 15, 5, 0, 4, 1, 1, '2016-05-01', 'http://www.udea.edu.co/'),
(463, 3, 10, 'Maestria en educacion', '11406', 12, 5, 0, 4, 1, 1, '2016-05-01', 'http://www.udea.edu.co/'),
(464, 3, 10, 'Maestria en historia del arte', '11408', 23, 5, 0, 4, 1, 1, '2016-05-01', 'http://www.udea.edu.co/'),
(465, 3, 10, 'Traduccion ingles-frances-espanol', '11417', 27, 3, 0, 8, 1, 1, '2016-05-01', 'http://www.udea.edu.co/'),
(467, 3, 10, 'Especializacion en traduccion en ciencias literarias y humanas', '11594', 27, 4, 0, 2, 1, 1, '2016-05-01', 'http://www.udea.edu.co/'),
(468, 3, 10, 'Especializacion en derecho penal', '12441', 32, 4, 0, 3, 1, 1, '2016-05-01', 'http://www.udea.edu.co/'),
(469, 3, 10, 'Especializacion en gobierno y cultura politica', '12443', 34, 4, 0, 3, 1, 1, '2016-05-01', 'http://www.udea.edu.co/'),
(470, 3, 10, 'Especializacion en gerencia de servicios de informacion', '12570', 34, 4, 0, 2, 1, 1, '2016-05-01', 'http://www.udea.edu.co/'),
(471, 3, 10, 'Especializacion en educacion fisica: actividad fisica y salud', '12584', 31, 4, 0, 2, 1, 1, '2016-05-01', 'http://www.udea.edu.co/'),
(473, 3, 10, 'Especializacion en evaluacion de instituciones y programas sociales', '13163', 34, 4, 0, 3, 1, 1, '2016-05-01', 'http://www.udea.edu.co/'),
(474, 3, 10, 'Especializacion tecnologica en regencia de farmacia', '13230', 34, 2, 0, 2, 1, 1, '2016-05-01', 'http://www.udea.edu.co/'),
(475, 3, 10, 'Especializacion en salud ambiental', '13957', 15, 4, 0, 3, 1, 1, '2016-05-01', 'http://www.udea.edu.co/'),
(476, 3, 10, 'Especializacion en hematologia con orientacion al laboratorio y al banco de sangre', '14394', 13, 4, 0, 3, 1, 1, '2016-05-01', 'http://www.udea.edu.co/'),
(477, 3, 10, 'Especializacion en medio ambiente y geoinformatica', '14866', 58, 4, 0, 2, 1, 1, '2016-05-01', 'http://www.udea.edu.co/'),
(478, 3, 10, 'Especializacion en gerencia social', '14922', 34, 4, 0, 2, 1, 1, '2016-05-01', 'http://www.udea.edu.co/'),
(479, 3, 10, 'Especializacion en gerencia integral en servicios de laboratorio clinico', '14923', 34, 4, 0, 3, 1, 1, '2016-05-01', 'http://www.udea.edu.co/'),
(480, 3, 10, 'Especializacion en gerencia integral de servicios de salud', '14924', 34, 4, 0, 3, 1, 1, '2016-05-01', 'http://www.udea.edu.co/'),
(481, 3, 10, 'Especializacion en enfermedades infecciosas', '15842', 20, 4, 0, 2, 1, 1, '2016-05-01', 'http://www.udea.edu.co/'),
(482, 3, 10, 'Especializacion en nefrologia pediatrica', '15852', 20, 4, 0, 4, 1, 1, '2016-05-01', 'http://www.udea.edu.co/'),
(483, 3, 10, 'Maestrias en ciencias farmaceuticas y alimentarias', '15929', 53, 5, 0, 4, 1, 1, '2016-05-01', 'http://www.udea.edu.co/'),
(484, 3, 10, 'Especializacion en auditoria y control de gestion', '16058', 35, 4, 0, 2, 1, 1, '2016-05-01', 'http://www.udea.edu.co/'),
(485, 3, 10, 'Especializacion en medicina critica y cuidados intensivos', '16164', 58, 4, 0, 4, 1, 1, '2016-05-01', 'http://www.udea.edu.co/'),
(486, 3, 10, 'Maestria en ciencias animales', '16175', 2, 5, 0, 4, 1, 1, '2016-05-01', 'http://www.udea.edu.co/'),
(487, 3, 10, 'Maestria en ciencias ambientales', '16184', 50, 5, 0, 4, 1, 1, '2016-05-01', 'http://www.udea.edu.co/'),
(488, 3, 10, 'Maestria en biotecnologia', '16857', 53, 5, 0, 4, 1, 1, '2016-05-01', 'http://www.udea.edu.co/'),
(489, 3, 10, 'Especializacion en filosofia del derecho y cultura juridica', '16874', 25, 4, 0, 2, 1, 1, '2016-05-01', 'http://www.udea.edu.co/'),
(490, 3, 10, 'Especializacion en derecho de la seguridad social', '16990', 32, 4, 0, 2, 1, 1, '2016-05-01', 'http://www.udea.edu.co/'),
(491, 3, 10, 'Especializacion en alergologia clinica', '17456', 20, 4, 0, 6, 1, 1, '2016-05-01', 'http://www.udea.edu.co/'),
(492, 3, 10, 'Especializacion en medicina de urgencias', '17651', 20, 4, 0, 6, 1, 1, '2016-05-01', 'http://www.udea.edu.co/'),
(493, 3, 10, 'Especializacion en neurologia infantil', '17652', 20, 4, 0, 4, 1, 1, '2016-05-01', 'http://www.udea.edu.co/'),
(494, 3, 10, 'Ciencia politica', '17702', 33, 3, 0, 10, 1, 1, '2016-05-01', 'http://www.udea.edu.co/'),
(495, 3, 10, 'Comunicaciones', '17704', 30, 3, 0, 10, 1, 1, '2016-05-01', 'http://www.udea.edu.co/'),
(496, 3, 10, 'Especializacion en derecho procesal', '17705', 32, 4, 0, 2, 1, 1, '2016-05-01', 'http://www.udea.edu.co/'),
(497, 3, 10, 'Especializacion en derecho administrativo', '17706', 32, 4, 0, 2, 1, 1, '2016-05-01', 'http://www.udea.edu.co/'),
(498, 3, 10, 'Especializacion en derecho economico publico', '17707', 32, 4, 0, 2, 1, 1, '2016-05-01', 'http://www.udea.edu.co/'),
(499, 3, 10, 'Especializacion en derecho privado', '17708', 32, 4, 0, 2, 1, 1, '2016-05-01', 'http://www.udea.edu.co/'),
(500, 3, 10, 'Microbiologia industrial y ambiental', '17711', 53, 3, 0, 10, 1, 1, '2016-05-01', 'http://www.udea.edu.co/'),
(503, 3, 10, 'Especializacion en bolsa y banca', '19429', 36, 4, 0, 2, 1, 1, '2016-05-01', 'http://www.udea.edu.co/'),
(504, 3, 10, 'Especializacion en gerencia de mantenimiento', '19456', 34, 4, 0, 2, 1, 1, '2016-05-01', 'http://www.udea.edu.co/'),
(505, 3, 10, 'Doctorado en ingenieria', '19776', 40, 6, 0, 8, 1, 1, '2016-05-01', 'http://www.udea.edu.co/'),
(506, 3, 10, 'Maestria en derecho', '19932', 32, 5, 0, 4, 1, 1, '2016-05-01', 'http://www.udea.edu.co/'),
(507, 3, 10, 'Letras - filologia hispanica', '19944', 27, 3, 0, 10, 1, 1, '2016-05-01', 'http://www.udea.edu.co/'),
(508, 3, 10, 'Doctorado en epidemiologia', '19946', 15, 6, 0, 8, 1, 1, '2016-05-01', 'http://www.udea.edu.co/'),
(509, 3, 10, 'Ingenieria civil', '20042', 47, 3, 0, 10, 1, 1, '2016-05-01', 'http://www.udea.edu.co/'),
(510, 3, 10, 'MAESTR¿A EN INVESTIGACI¿N PSICOANAL¿TICA', '20046', 26, 5, 0, 4, 1, 1, '2016-05-01', 'http://www.udea.edu.co/'),
(511, 3, 10, 'ESPECIALIZACION EN PROMOCION DE LA SALUD Y PREVENCION DE LAS ENFERMEDADES CARDIOCEREBROVASCULARES', '20249', 20, 4, 0, 2, 1, 1, '2016-05-01', 'http://www.udea.edu.co/'),
(512, 3, 10, 'ESPECIALIZACION EN CALIDAD DE AGUAS', '20250', 50, 4, 0, 2, 1, 1, '2016-05-01', 'http://www.udea.edu.co/'),
(513, 3, 10, 'COMUNICACION AUDIOVISUAL Y MULTIMEDIAL', '20267', 30, 3, 0, 8, 1, 1, '2016-05-01', 'http://www.udea.edu.co/'),
(514, 3, 10, 'ESPECIALIZACION EN ARTES', '20268', 4, 4, 0, 2, 1, 1, '2016-05-01', 'http://www.udea.edu.co/'),
(515, 3, 10, 'INGENIERIA AMBIENTAL', '20270', 50, 3, 0, 10, 1, 1, '2016-05-01', 'http://www.udea.edu.co/'),
(516, 3, 10, 'ESPECIALIZACION EN GERENCIA SANITARIA DE EMERGENCIAS Y DESASTRES', '20369', 34, 4, 0, 2, 1, 1, '2016-05-01', 'http://www.udea.edu.co/'),
(517, 3, 10, 'INGENIERIA DE TELECOMUNICACIONES', '20370', 44, 3, 0, 10, 3, 1, '2016-05-01', 'http://www.udea.edu.co/'),
(518, 3, 10, 'TECNOLOGIA EN ARCHIVISTICA', '20388', 29, 2, 0, 6, 1, 1, '2016-05-01', 'http://www.udea.edu.co/'),
(519, 3, 412, 'TECNOLOGIA EN ADMINISTRACION DE EMPRESAS', '20396', 34, 2, 0, 6, 1, 1, '2016-05-01', 'http://www.udea.edu.co/'),
(520, 3, 412, 'TECNOLOGIA EN ADMINISTRACION DE SERVICIOS DE SALUD', '20402', 34, 2, 0, 6, 1, 1, '2016-05-01', 'http://www.udea.edu.co/'),
(521, 3, 412, 'TECNOLOGIA EN SISTEMAS DE INFORMACION EN SALUD', '20403', 46, 2, 0, 6, 1, 1, '2016-05-01', 'http://www.udea.edu.co/'),
(522, 3, 412, 'TECNOLOGIA DE ALIMENTOS', '20404', 53, 2, 0, 6, 1, 1, '2016-05-01', 'http://www.udea.edu.co/'),
(523, 3, 412, 'TECNOLOGIA EN REGENCIA DE FARMACIA', '20405', 56, 2, 0, 6, 1, 1, '2016-05-01', 'http://www.udea.edu.co/'),
(524, 3, 412, 'TECNOLOGIA EN SANEAMIENTO AMBIENTAL', '20406', 50, 2, 0, 6, 1, 1, '2016-05-01', 'http://www.udea.edu.co/'),
(526, 3, 412, 'TECNOLOGIA QUIMICA', '20459', 56, 2, 0, 10, 1, 1, '2016-05-01', 'http://www.udea.edu.co/'),
(527, 3, 10, 'LICENCIATURA EN EDUCACION BASICA EN DANZA', '20478', 5, 3, 0, 10, 1, 1, '2016-05-01', 'http://www.udea.edu.co/'),
(528, 3, 10, 'INGENIERIA DE TELECOMUNICACIONES', '20602', 44, 3, 0, 10, 1, 1, '2016-05-01', 'http://www.udea.edu.co/'),
(529, 3, 10, 'ESPECIALIZACION EN CARDIOLOGIA CLINICA', '20606', 20, 4, 0, 4, 1, 1, '2016-05-01', 'http://www.udea.edu.co/'),
(530, 3, 10, 'ESPECIALIZACION EN AUDITORIA EN SALUD', '20607', 58, 4, 0, 2, 1, 1, '2016-05-01', 'http://www.udea.edu.co/'),
(532, 3, 10, 'INGENIERIA INDUSTRIAL', '20609', 43, 3, 0, 10, 3, 1, '2016-05-01', 'http://www.udea.edu.co/'),
(533, 3, 10, 'MAESTRIA EN ENFERMERIA', '20612', 18, 5, 0, 4, 1, 1, '2016-05-01', 'http://www.udea.edu.co/'),
(534, 3, 15, 'TECNOLOGIA EN SANEAMIENTO AMBIENTAL', '20653', 50, 2, 0, 6, 1, 1, '2016-05-01', 'http://www.udea.edu.co/'),
(535, 3, 413, 'TECNOLOGIA EN REGENCIA DE FARMACIA', '20658', 56, 2, 0, 3, 1, 1, '2016-05-01', 'http://www.udea.edu.co/'),
(538, 3, 15, 'TRABAJO SOCIAL', '20841', 24, 3, 0, 8, 1, 1, '2016-05-01', 'http://www.udea.edu.co/'),
(539, 3, 413, 'TECNOLOGIA EN ADMINISTRACION DE EMPRESAS', '20922', 34, 2, 0, 6, 1, 1, '2016-05-01', 'http://www.udea.edu.co/'),
(540, 3, 10, 'MAESTRIA EN MOTRICIDAD - DESARROLLO HUMANO', '20944', 12, 5, 0, 4, 1, 1, '2016-05-01', 'http://www.udea.edu.co/'),
(541, 3, 10, 'ESPECIALIZACIÓN EN PEDAGOGÍA', '51595', 12, 4, 0, 2, 1, 1, '2016-05-01', 'http://www.udea.edu.co/'),
(542, 3, 10, 'INGENIERÍA DE SISTEMAS', '51603', 46, 3, 0, 10, 3, 1, '2016-05-01', 'http://www.udea.edu.co/'),
(543, 3, 10, 'DOCTORADO EN CIENCIAS ANIMALES', '51649', 1, 6, 0, 8, 1, 1, '2016-05-01', 'http://www.udea.edu.co/'),
(544, 3, 18, 'LICENCIATURA EN PEDAGOGIA INFANTIL', '51699', 12, 3, 0, 12, 4, 1, '2016-05-01', 'http://www.udea.edu.co/'),
(545, 3, 415, 'TECNOLOGIA EN ARCHIVISTICA', '51716', 29, 2, 0, 6, 1, 1, '2016-05-01', 'http://www.udea.edu.co/'),
(546, 3, 16, 'TECNOLOGIA EN ARCHIVISTICA', '51718', 29, 2, 0, 6, 1, 1, '2016-05-01', 'http://www.udea.edu.co/'),
(547, 3, 16, 'TECNOLOGIA EN REGENCIA DE FARMACIA', '51719', 53, 2, 0, 6, 1, 1, '2016-05-01', 'http://www.udea.edu.co/'),
(548, 3, 10, 'MAESTRIA EN HISTORIA', '51742', 23, 5, 0, 4, 1, 1, '2016-05-01', 'http://www.udea.edu.co/'),
(550, 3, 10, 'DOCTORADO EN LITERATURA', '51763', 27, 6, 0, 8, 1, 1, '2016-05-01', 'http://www.udea.edu.co/'),
(551, 3, 415, 'LICENCIATURA EN EDUCACION BASICA CON ENFASIS EN CIENCIAS NATURALES Y EDUCACION AMBIENTAL', '51814', 12, 3, 0, 10, 4, 1, '2016-05-01', 'http://www.udea.edu.co/'),
(552, 3, 415, 'LICENCIATURA EN EDUCACION BASICA CON ENFASIS EN CIENCIAS NATURALES Y EDUCACION AMBIENTAL', '51815', 12, 3, 0, 10, 1, 1, '2016-05-01', 'http://www.udea.edu.co/'),
(553, 3, 10, 'ESPECIALIZACION EN ESTUDIOS INTERNACIONALES', '51816', 36, 4, 0, 1, 1, 1, '2016-05-01', 'http://www.udea.edu.co/'),
(554, 3, 10, 'ESPECIALIZACION EN GESTION DE PROGRAMAS Y PROYECTOS DE LA COOPERACION INTERNACIONAL AL DESARROLLO', '51835', 33, 4, 0, 2, 1, 1, '2016-05-01', 'http://www.udea.edu.co/'),
(558, 3, 10, 'ESPECIALIZACION EN CREACION FOTOGRAFICA', '52101', 30, 4, 0, 2, 1, 1, '2016-05-01', 'http://www.udea.edu.co/'),
(560, 3, 16, 'LICENCIATURA EN EDUCACION FISICA', '52115', 12, 3, 0, 10, 1, 1, '2016-05-01', 'http://www.udea.edu.co/'),
(561, 3, 16, 'ZOOTECNIA', '52116', 2, 3, 0, 10, 1, 1, '2016-05-01', 'http://www.udea.edu.co/'),
(562, 3, 15, 'TECNOLOGIA EN REGENCIA DE FARMACIA', '52117', 53, 2, 0, 6, 1, 1, '2016-05-01', 'http://www.udea.edu.co/'),
(563, 3, 415, 'PSICOLOGIA', '52118', 26, 3, 0, 10, 1, 1, '2016-05-01', 'http://www.udea.edu.co/'),
(564, 3, 15, 'TECNOLOGIA EN ECOLOGIA Y TURISMO', '52119', 34, 2, 0, 6, 1, 1, '2016-05-01', 'http://www.udea.edu.co/'),
(565, 3, 413, 'INGENIERIA ACUICOLA', '52121', 38, 3, 0, 10, 1, 1, '2016-05-01', 'http://www.udea.edu.co/'),
(566, 3, 16, 'LICENCIATURA EN MATEMATICAS Y FISICA', '52122', 12, 3, 0, 12, 1, 1, '2016-05-01', 'http://www.udea.edu.co/'),
(567, 3, 10, 'ESPECIALIZACION EN MEDICINA VASCULAR', '52144', 20, 4, 0, 2, 1, 1, '2016-05-01', 'http://www.udea.edu.co/'),
(570, 3, 10, 'ESPECIALIZACION MEDICA EN PEQUEÑAS ESPECIES ANIMALES', '52217', 3, 4, 0, 3, 1, 1, '2016-05-01', 'http://www.udea.edu.co/'),
(571, 3, 10, 'MAESTRÍA EN ANTROPOLOGÍA', '52281', 22, 5, 0, 4, 1, 1, '2016-05-01', 'http://www.udea.edu.co/'),
(572, 3, 10, 'ESPECIALIZACION EN ENDOCRINOLOGIA CLINICA Y METABOLISMO', '52375', 20, 4, 0, 2, 1, 1, '2016-05-01', 'http://www.udea.edu.co/'),
(573, 3, 10, 'ESPECIALIZACION EN OTORRINOLARINGOLOGIA Y CIRUGIA DE CABEZA Y CUELLO', '52434', 20, 4, 0, 4, 1, 1, '2016-05-01', 'http://www.udea.edu.co/'),
(574, 3, 10, 'MAESTRIA BIOTECNOLOGIA Y MEDIO AMBIENTE', '52441', 53, 5, 0, 4, 1, 1, '2016-05-01', 'http://www.udea.edu.co/'),
(575, 3, 10, 'MAESTRIA EN ECONOMIA', '52451', 36, 5, 0, 4, 1, 1, '2016-05-01', 'http://www.udea.edu.co/'),
(576, 3, 414, 'INGENIERIA ACUICOLA', '52461', 38, 3, 0, 10, 1, 1, '2016-05-01', 'http://www.udea.edu.co/'),
(577, 3, 16, 'INGENIERIA ACUICOLA', '52462', 38, 3, 0, 10, 1, 1, '2016-05-01', 'http://www.udea.edu.co/'),
(578, 3, 16, 'INGENIERIA AGROPECUARIA', '52464', 38, 3, 0, 10, 1, 1, '2016-05-01', 'http://www.udea.edu.co/'),
(579, 3, 19, 'INGENIERIA AGROPECUARIA', '52465', 38, 3, 0, 10, 1, 1, '2016-05-01', 'http://www.udea.edu.co/'),
(580, 3, 414, 'INGENIERIA AGROPECUARIA', '52466', 38, 3, 0, 10, 1, 1, '2016-05-01', 'http://www.udea.edu.co/'),
(581, 3, 10, 'INGENIERIA AGROPECUARIA', '52467', 38, 3, 0, 10, 1, 1, '2016-05-01', 'http://www.udea.edu.co/'),
(582, 3, 414, 'INGENIERIA INDUSTRIAL', '52489', 43, 3, 0, 10, 1, 1, '2016-05-01', 'http://www.udea.edu.co/'),
(583, 3, 10, 'INGENIERIA INDUSTRIAL', '52490', 43, 3, 0, 10, 1, 1, '2016-05-01', 'http://www.udea.edu.co/'),
(584, 3, 15, 'ESPECIALIZACIÓN EN GERENCIA AGROAMBIENTAL', '52520', 1, 4, 0, 3, 1, 1, '2016-05-01', 'http://www.udea.edu.co/'),
(585, 3, 10, 'MAESTRIA EN INGENIERIA', '52546', 40, 5, 0, 4, 1, 1, '2016-05-01', 'http://www.udea.edu.co/'),
(586, 3, 10, 'DOCTORADO EN CIENCIAS FARMACÉUTICAS Y ALIMENTARIAS', '52623', 56, 6, 0, 8, 1, 1, '2016-05-01', 'http://www.udea.edu.co/'),
(588, 3, 413, 'TECNOLOGIA EN ADMINISTRACION DE SERVICIOS DE SALUD', '52693', 34, 2, 0, 6, 1, 1, '2016-05-01', 'http://www.udea.edu.co/'),
(589, 3, 16, 'TECNOLOGIA EN ADMINISTRACION DE SERVICIOS DE SALUD', '52694', 34, 2, 0, 6, 1, 1, '2016-05-01', 'http://www.udea.edu.co/'),
(590, 3, 16, 'TECNOLOGÍA EN SANEAMIENTO AMBIENTAL', '52710', 50, 2, 0, 6, 1, 1, '2016-05-01', 'http://www.udea.edu.co/'),
(591, 3, 16, 'TRABAJO SOCIAL', '52712', 24, 3, 0, 10, 1, 1, '2016-05-01', 'http://www.udea.edu.co/'),
(592, 3, 15, 'PSICOLOGIA', '52713', 26, 3, 0, 10, 1, 1, '2016-05-01', 'http://www.udea.edu.co/'),
(593, 3, 16, 'TECNOLOGÍA EN ECOLOGÍA Y TURISMO', '52714', 34, 2, 0, 6, 1, 1, '2016-05-01', 'http://www.udea.edu.co/'),
(594, 3, 415, 'TECNOLOGÍA EN SANEAMIETO AMBIENTAL', '52717', 50, 2, 0, 6, 1, 1, '2016-05-01', 'http://www.udea.edu.co/'),
(595, 3, 10, 'ESPECIALIZACIÓN EN ENDOCRINOLOGÍA PEDIÁTRICA', '52804', 20, 4, 0, 4, 1, 1, '2016-05-01', 'http://www.udea.edu.co/'),
(596, 3, 15, 'TECNOLOGIA EN SANEAMIENTO AMBIENTAL', '53018', 50, 2, 0, 6, 1, 1, '2016-05-01', 'http://www.udea.edu.co/'),
(598, 3, 10, 'ESPECIALIZACIÓN EN FINANZAS', '53125', 43, 4, 0, 2, 1, 1, '2016-05-01', 'http://www.udea.edu.co/'),
(599, 3, 10, 'DOCTORADO EN SALUD PÚBLICA', '53239', 15, 6, 0, 8, 1, 1, '2016-05-01', 'http://www.udea.edu.co/'),
(600, 3, 10, 'ESPECIALIZACIÓN EN EDICIÓN DE PUBLICACIONES', '53287', 29, 4, 0, 2, 1, 1, '2016-05-01', 'http://www.udea.edu.co/'),
(601, 3, 10, 'TECNICO PROFESIONAL EN ATENCION PREHOSPITALARIA', '53365', 20, 1, 0, 3, 1, 1, '2016-05-01', 'http://www.udea.edu.co/'),
(602, 3, 413, 'TÉCNICA PROFESIONAL AGROPECUARIO', '53421', 1, 1, 0, 4, 1, 1, '2016-05-01', 'http://www.udea.edu.co/'),
(603, 3, 415, 'TECNOLOGIA DE ALIMENTOS', '53434', 48, 2, 0, 6, 1, 1, '2016-05-01', 'http://www.udea.edu.co/'),
(604, 3, 10, 'ESPECIALIZACION EN MANEJO Y GESTION DEL AGUA', '53452', 34, 4, 0, 2, 1, 1, '2016-05-01', 'http://www.udea.edu.co/'),
(605, 3, 10, 'ESPECIALIZACION EN TEORIA DEL DERECHO Y ARGUMENTACION JURIDICA', '53506', 25, 4, 0, 2, 1, 1, '2016-05-01', 'http://www.udea.edu.co/'),
(607, 3, 10, 'MAESTR¿A EN CIENCIAS DE LA ALIMENTACI¿N Y NUTRICI¿N HUMANA', '53532', 17, 5, 0, 4, 1, 1, '2016-05-01', 'http://www.udea.edu.co/'),
(608, 3, 10, 'ESPECIALIZACIÓN EN PREPARACIÓN Y EVALUACIÓN DE PROYECTOS PRIVADOS', '53619', 43, 4, 0, 2, 1, 1, '2016-05-01', 'http://www.udea.edu.co/'),
(610, 3, 413, 'TECNOLOGIA EN REGENCIA DE FARMACIA', '53726', 53, 2, 0, 6, 1, 1, '2016-05-01', 'http://www.udea.edu.co/'),
(611, 3, 10, 'DOCTORADO EN INGENIERIA ELECTRONICA', '53834', 44, 6, 0, 8, 1, 1, '2016-05-01', 'http://www.udea.edu.co/'),
(612, 3, 10, 'MAESTRIA EN MICROBIOLOGIA Y BIOANALISIS', '53847', 13, 5, 0, 4, 1, 1, '2016-05-01', 'http://www.udea.edu.co/'),
(613, 3, 414, 'NUTRICION Y DIETETICA', '53926', 17, 3, 0, 10, 1, 1, '2016-05-01', 'http://www.udea.edu.co/'),
(614, 3, 10, 'DOCTORADO EN CIENCIAS SOCIALES', '53942', 58, 6, 0, 6, 1, 1, '2016-05-01', 'http://www.udea.edu.co/'),
(615, 3, 18, 'INGENIERIA DE SISTEMAS', '53991', 46, 3, 0, 10, 1, 1, '2016-05-01', 'http://www.udea.edu.co/'),
(616, 3, 16, 'BIOLOGIA', '53992', 53, 3, 0, 10, 1, 1, '2016-05-01', 'http://www.udea.edu.co/'),
(617, 3, 18, 'Licenciatura en educacion basica enfasis en ciencias naturales y educacion ambiental', '53995', 12, 3, 0, 10, 1, 1, '2016-05-01', 'http://www.udea.edu.co/'),
(618, 3, 18, 'Tecnologia en ecologia y turismo', '53996', 34, 2, 0, 6, 1, 1, '2016-05-01', 'http://www.udea.edu.co/'),
(619, 3, 10, 'Especializacion clinica en ortodoncia', '54015', 14, 4, 0, 6, 1, 1, '2016-05-01', 'http://www.udea.edu.co/'),
(620, 3, 414, 'Instrumentacion quirurgica', '54081', 21, 3, 0, 8, 1, 1, '2016-05-01', 'http://www.udea.edu.co/'),
(621, 3, 10, 'Especializacion en hepatologia clinica', '54108', 20, 4, 0, 2, 1, 1, '2016-05-01', 'http://www.udea.edu.co/'),
(622, 3, 10, 'Maestria en psicologia', '54135', 26, 5, 0, 4, 1, 1, '2016-05-01', 'http://www.udea.edu.co/'),
(623, 3, 10, 'Entrenamiento deportivo', '54174', 31, 3, 0, 8, 1, 1, '2016-05-01', 'http://www.udea.edu.co/'),
(624, 3, 10, 'Maestria en dramaturgia y direccion', '54176', 7, 5, 0, 4, 1, 1, '2016-05-01', 'http://www.udea.edu.co/'),
(625, 3, 412, 'Licenciatura en pedagogia infantil', '54177', 12, 3, 0, 10, 1, 1, '2016-05-01', 'http://www.udea.edu.co/'),
(626, 3, 412, 'Gestion cultural', '54178', 29, 3, 0, 8, 1, 1, '2016-05-01', 'http://www.udea.edu.co/'),
(627, 3, 10, 'Astronomia', '54182', 54, 3, 0, 10, 1, 1, '2016-05-01', 'http://www.udea.edu.co/'),
(628, 3, 17, 'Gestion cultural', '54183', 5, 3, 0, 8, 1, 1, '2016-05-01', 'http://www.udea.edu.co/'),
(631, 3, 15, 'Tecnico profesional en atencion prehospitalaria', '54203', 20, 1, 0, 3, 1, 1, '2016-05-01', 'http://www.udea.edu.co/'),
(633, 3, 10, 'Maestra en ingenieria de telecomunicaciones', '54264', 44, 5, 0, 4, 1, 1, '2016-05-01', 'http://www.udea.edu.co/'),
(634, 3, 10, 'Especializacion en neonatologia', '54319', 20, 4, 0, 4, 1, 1, '2016-05-01', 'http://www.udea.edu.co/'),
(635, 3, 15, 'Tecnologia en administracion de servicios de salud', '54362', 34, 1, 0, 6, 1, 1, '2016-05-01', 'http://www.udea.edu.co/'),
(636, 3, 10, 'Maestria en ciencias contables', '54396', 35, 5, 0, 4, 1, 1, '2016-05-01', 'http://www.udea.edu.co/'),
(637, 3, 10, 'Arte dramatico', '54507', 7, 3, 0, 10, 1, 1, '2016-05-01', 'http://www.udea.edu.co/'),
(639, 3, 10, 'Maestria en ensenanza y aprendizaje de lenguas extranjeras', '54696', 27, 5, 0, 4, 1, 1, '2016-05-01', 'http://www.udea.edu.co/'),
(640, 3, 10, 'DOCTORADO EN BIOTECNOLOG¿A', '54787', 53, 6, 0, 8, 1, 1, '2016-05-01', 'http://www.udea.edu.co/'),
(641, 3, 10, 'DOCTORADO EN ARTES', '54875', 4, 6, 0, 6, 1, 1, '2016-05-01', 'http://www.udea.edu.co/'),
(642, 3, 10, 'MAESTR¿A EN SALUD MENTAL', '54876', 15, 5, 0, 4, 1, 1, '2016-05-01', 'http://www.udea.edu.co/'),
(643, 3, 15, 'ADMINISTRACIÓN EN SALUD: ÉNFASIS EN GESTIÓN DE SERVICIOS DE SALUD Y ÉNFASIS EN GESTIÓN SANITARIA Y AMBIENTAL', '54893', 34, 3, 0, 8, 1, 1, '2016-05-01', 'http://www.udea.edu.co/'),
(645, 3, 10, 'ESPECIALIZACIÓN EN DIDÁCTICAS DE LA TÉCNICA VOCAL PARA ACTORES', '54895', 7, 4, 0, 2, 1, 1, '2016-05-01', 'http://www.udea.edu.co/'),
(646, 3, 10, 'DOCTORADO EN ENFERMER¿A', '54929', 18, 6, 0, 8, 1, 1, '2016-05-01', 'http://www.udea.edu.co/'),
(647, 3, 10, 'MAESTRIA EN GESTIÓN AMBIENTAL', '54940', 50, 5, 0, 4, 1, 1, '2016-05-01', 'http://www.udea.edu.co/'),
(648, 3, 10, 'DOCTORADO EN LING¿¿STICA', '54941', 27, 6, 0, 8, 1, 1, '2016-05-01', 'http://www.udea.edu.co/'),
(649, 3, 15, 'TECNOLOGÍA EN ARTESANÍAS', '54948', 4, 2, 0, 6, 1, 1, '2016-05-01', 'http://www.udea.edu.co/'),
(650, 3, 10, 'ESPECIALIZACIÓN EN TRATAMIENTO DE CONFLICTOS', '55051', 24, 4, 0, 2, 1, 1, '2016-05-01', 'http://www.udea.edu.co/'),
(651, 3, 15, 'ESPECIALIZACIÓN EN ADMINISTRACIÓN DE SERVICIOS DE SALUD', '55057', 34, 4, 0, 2, 1, 1, '2016-05-01', 'http://www.udea.edu.co/'),
(652, 3, 15, 'ESPECIALIZACIÓN EN AUDITORIA EN SALUD', '55058', 35, 4, 0, 2, 1, 1, '2016-05-01', 'http://www.udea.edu.co/'),
(653, 3, 414, 'ESPECIALIZACIÓN EN ADMINISTRACIÓN DE SERVICIOS DE SALUD', '55059', 34, 4, 0, 2, 1, 1, '2016-05-01', 'http://www.udea.edu.co/'),
(654, 3, 414, 'ESPECIALIZACIÓN EN AUDITORIA EN SALUD', '55060', 35, 4, 0, 2, 1, 1, '2016-05-01', 'http://www.udea.edu.co/'),
(655, 3, 17, 'ADMINISTRACIÓN DE EMPRESAS', '55088', 34, 3, 0, 10, 1, 1, '2016-05-01', 'http://www.udea.edu.co/'),
(656, 3, 413, 'ADMINISTRACIÓN DE EMPRESAS', '55089', 34, 3, 0, 10, 1, 1, '2016-05-01', 'http://www.udea.edu.co/'),
(657, 3, 15, 'ADMINISTRACIÓN DE EMPRESAS', '55090', 34, 3, 0, 10, 1, 1, '2016-05-01', 'http://www.udea.edu.co/'),
(658, 3, 16, 'ADMINISTRACIÓN DE EMPRESAS', '55091', 34, 3, 0, 10, 1, 1, '2016-05-01', 'http://www.udea.edu.co/'),
(659, 3, 10, 'ESPECIALIZACION EN CIRUGIA PEDIATRICA', '55171', 20, 4, 0, 2, 1, 1, '2016-05-01', 'http://www.udea.edu.co/'),
(660, 3, 10, 'MEDICINA', '55177', 20, 3, 0, 13, 1, 1, '2016-05-01', 'http://www.udea.edu.co/'),
(661, 3, 15, 'SOCIOLOGÍA', '90333', 24, 3, 0, 8, 1, 1, '2016-05-01', 'http://www.udea.edu.co/'),
(662, 3, 17, 'DERECHO', '90334', 32, 3, 0, 10, 1, 1, '2016-05-01', 'http://www.udea.edu.co/'),
(663, 3, 10, 'DOCTORADO EN AGROECOLOGÍA', '90335', 1, 6, 0, 6, 1, 1, '2016-05-01', 'http://www.udea.edu.co/'),
(664, 3, 10, 'MAESTRÍA EN COMUNICACIONES', '90340', 30, 5, 0, 4, 1, 1, '2016-05-01', 'http://www.udea.edu.co/'),
(665, 3, 414, 'TECNOLOGÍA EN ARTESANÍAS', '90349', 4, 2, 0, 6, 1, 1, '2016-05-01', 'http://www.udea.edu.co/'),
(666, 3, 10, 'Maestria en gestion de ciencia tecnologia e innovacion', '90350', 34, 5, 0, 4, 1, 1, '2016-05-01', 'http://www.udea.edu.co/'),
(667, 3, 19, 'Gestion cultural', '90351', 5, 3, 0, 8, 1, 1, '2016-05-01', 'http://www.udea.edu.co/'),
(668, 3, 16, 'Tecnologia en artesanias', '90352', 4, 2, 0, 6, 1, 1, '2016-05-01', 'http://www.udea.edu.co/'),
(669, 3, 18, 'Artes plasticas', '90353', 4, 3, 0, 8, 1, 1, '2016-05-01', 'http://www.udea.edu.co/'),
(670, 3, 18, 'Licenciatura en educacion: artes plasticas', '90354', 4, 3, 0, 10, 1, 1, '2016-05-01', 'http://www.udea.edu.co/'),
(671, 3, 18, 'Matematicas', '90367', 12, 3, 0, 10, 1, 1, '2016-05-01', 'http://www.udea.edu.co/'),
(672, 3, 10, 'Especializacion en gestion ambiental', '90391', 50, 4, 0, 2, 3, 1, '2016-05-01', 'http://www.udea.edu.co/'),
(673, 3, 414, 'Tecnologia en sistemas de informacion en salud', '90400', 34, 2, 0, 6, 1, 1, '2016-05-01', 'http://www.udea.edu.co/'),
(674, 3, 16, 'Tecnologia en ecologia y turismo', '90401', 57, 2, 0, 6, 1, 1, '2016-05-01', 'http://www.udea.edu.co/'),
(675, 3, 10, 'Ingenieria ambiental', '90402', 50, 3, 0, 10, 3, 1, '2016-05-01', 'http://www.udea.edu.co/'),
(676, 3, 413, 'Psicologia', '90429', 26, 3, 0, 10, 1, 1, '2016-05-01', 'http://www.udea.edu.co/'),
(677, 3, 16, 'Psicologia', '90430', 26, 3, 0, 10, 1, 1, '2016-05-01', 'http://www.udea.edu.co/'),
(678, 3, 412, 'Administracion de empresas', '90431', 34, 3, 0, 10, 1, 1, '2016-05-01', 'http://www.udea.edu.co/'),
(682, 3, 18, 'Microbiologia y bioanalisis', '90492', 53, 3, 0, 10, 1, 1, '2016-05-01', 'http://www.udea.edu.co/'),
(683, 3, 10, 'Maestria en logistica integral', '90515', 58, 5, 0, 4, 1, 1, '2016-05-01', 'http://www.udea.edu.co/'),
(684, 3, 413, 'Tecnologia en saneamiento ambiental', '90520', 50, 2, 0, 6, 1, 1, '2016-05-01', 'http://www.udea.edu.co/'),
(685, 3, 17, 'Tecnologia en artesanias', '90527', 4, 2, 0, 6, 1, 1, '2016-05-01', 'http://www.udea.edu.co/'),
(686, 3, 10, 'Doctorado en ciencias del mar', '90528', 53, 6, 0, 8, 1, 1, '2016-05-01', 'http://www.udea.edu.co/'),
(687, 3, 18, 'Licenciatura en filosofia', '90553', 25, 3, 0, 10, 1, 1, '2016-05-01', 'http://www.udea.edu.co/'),
(689, 3, 10, 'Doctorado en matematicas', '90639', 57, 6, 0, 8, 1, 1, '2016-05-01', 'http://www.udea.edu.co/'),
(690, 3, 415, 'Tecnologia en gestion de servicios de salud', '90655', 34, 2, 0, 6, 1, 1, '2016-05-01', 'http://www.udea.edu.co/'),
(691, 3, 17, 'Tecnologia en gestion de servicios de salud', '90656', 34, 1, 0, 6, 1, 1, '2016-05-01', 'http://www.udea.edu.co/'),
(692, 3, 10, 'Maestria en ciencia de la informacion', '90657', 29, 5, 0, 4, 1, 1, '2016-05-01', 'http://www.udea.edu.co/'),
(693, 3, 10, 'Maestria en administracion', '90717', 34, 5, 0, 4, 1, 1, '2016-05-01', 'http://www.udea.edu.co/'),
(694, 3, 17, 'Licenciatura en educacion basica con enfasis en matematicas', '90729', 12, 3, 0, 10, 1, 1, '2016-05-01', 'http://www.udea.edu.co/'),
(695, 3, 17, 'Licenciatura en educacion basica con enfasis en educacion artistica y cultural: musica', '90730', 12, 3, 0, 10, 1, 1, '2016-05-01', 'http://www.udea.edu.co/'),
(696, 3, 412, 'Licenciatura en educacion basica enfasis en matematicas', '90731', 12, 3, 0, 10, 1, 1, '2016-05-01', 'http://www.udea.edu.co/'),
(697, 3, 18, 'Licenciatura en educacion basica con enfasis en humanidades lengua castellana', '90732', 12, 3, 0, 10, 1, 1, '2016-05-01', 'http://www.udea.edu.co/'),
(698, 3, 19, 'Licenciatura en educacion especial', '90733', 12, 3, 0, 10, 1, 1, '2016-05-01', 'http://www.udea.edu.co/'),
(699, 3, 15, 'Licenciatura en educacion basica con enfasis en humanidades lengua castellana', '90745', 12, 3, 0, 10, 1, 1, '2016-05-01', 'http://www.udea.edu.co/'),
(700, 3, 412, 'Licenciatura en educacion basica con enfasis en humanidades lengua castellana', '90746', 12, 3, 0, 10, 1, 1, '2016-05-01', 'http://www.udea.edu.co/'),
(701, 3, 18, 'Licenciatura en educacion basica con enfasis en educacion artistica y cultural: musica', '90747', 12, 3, 0, 10, 1, 1, '2016-05-01', 'http://www.udea.edu.co/'),
(702, 3, 15, 'Licenciatura en educacion basica con enfasis en ciencias naturales y educacion ambiental', '90761', 12, 3, 0, 10, 1, 1, '2016-05-01', 'http://www.udea.edu.co/'),
(703, 3, 15, 'Licenciatura en educacion basica con enfasis en humanidades lengua castellana', '90782', 12, 3, 0, 10, 1, 1, '2016-05-01', 'http://www.udea.edu.co/'),
(704, 3, 412, 'Licenciatura en matematicas y fisica', '90783', 12, 3, 0, 10, 1, 1, '2016-05-01', 'http://www.udea.edu.co/'),
(705, 3, 10, 'Maestria en ingenieria quimica', '90785', 41, 5, 0, 4, 1, 1, '2016-05-01', 'http://www.udea.edu.co/'),
(706, 3, 10, 'Doctorado en ingenieria quimica', '90794', 41, 6, 0, 8, 1, 1, '2016-05-01', 'http://www.udea.edu.co/'),
(708, 3, 18, 'Ingenieria de alimentos', '90796', 48, 3, 0, 10, 1, 1, '2016-05-01', 'http://www.udea.edu.co/'),
(709, 3, 10, 'Especializacion en cirugia de trasplantes', '90914', 20, 4, 0, 2, 1, 1, '2016-05-01', 'http://www.udea.edu.co/'),
(710, 3, 20, 'Maestria en salud colectiva', '90917', 15, 5, 0, 4, 1, 1, '2016-05-01', 'http://www.udea.edu.co/'),
(711, 3, 15, 'Tecnologia de alimentos', '90918', 48, 2, 0, 6, 1, 1, '2016-05-01', 'http://www.udea.edu.co/'),
(712, 3, 10, 'Maestria en gestion ambiental', '90950', 50, 5, 0, 4, 3, 1, '2016-05-01', 'http://www.udea.edu.co/'),
(713, 3, 20, 'Especializacion en logistica integral', '90972', 43, 4, 0, 2, 1, 1, '2016-05-01', 'http://www.udea.edu.co/'),
(714, 3, 10, 'Licenciatura en pedagogia de la madre tierra', '91016', 12, 3, 0, 10, 1, 1, '2016-05-01', 'http://www.udea.edu.co/'),
(715, 3, 10, 'Especializacion en salud internacional', '91096', 15, 4, 0, 2, 3, 1, '2016-05-01', 'http://www.udea.edu.co/'),
(716, 3, 10, 'Maestria en gestion cultural', '91111', 29, 5, 0, 4, 1, 1, '2016-05-01', 'http://www.udea.edu.co/'),
(717, 3, 15, 'Licenciatura en filosofia', '91267', 25, 3, 0, 10, 1, 1, '2016-05-01', 'http://www.udea.edu.co/'),
(718, 3, 415, 'Derecho', '91274', 32, 3, 0, 10, 1, 1, '2016-05-01', 'http://www.udea.edu.co/'),
(719, 3, 10, 'Doctorado en ingenieria de materiales', '91286', 39, 6, 0, 8, 1, 1, '2016-05-01', 'http://www.udea.edu.co/'),
(721, 3, 15, 'Maestria en educacion', '91332', 12, 5, 0, 4, 1, 1, '2016-05-01', 'http://www.udea.edu.co/'),
(722, 3, 10, 'Especializacion clinica en endodoncia', '91355', 14, 4, 0, 4, 1, 1, '2016-05-01', 'http://www.udea.edu.co/'),
(723, 3, 10, 'Especializacion en derechos humanos y derecho internacional humanitario', '91374', 32, 4, 0, 2, 1, 1, '2016-05-01', 'http://www.udea.edu.co/'),
(724, 3, 15, 'Licenciatura en pedagogia infantil', '91479', 12, 3, 0, 10, 1, 1, '2016-05-01', 'http://www.udea.edu.co/'),
(725, 3, 415, 'Licenciatura en educacion especial', '91480', 12, 3, 0, 10, 1, 1, '2016-05-01', 'http://www.udea.edu.co/'),
(726, 3, 15, 'Licenciatura en educacion especial', '91481', 12, 3, 0, 10, 1, 1, '2016-05-01', 'http://www.udea.edu.co/'),
(727, 3, 19, 'Maestria en educacion', '91494', 12, 5, 0, 4, 1, 1, '2016-05-01', 'http://www.udea.edu.co/'),
(728, 3, 20, 'Maestria en educacion', '91495', 12, 5, 0, 4, 1, 1, '2016-05-01', 'http://www.udea.edu.co/'),
(729, 3, 10, 'Especializacion clinica en ortopedia maxilar', '101319', 14, 4, 0, 6, 1, 1, '2016-05-01', 'http://www.udea.edu.co/'),
(733, 3, 18, 'Especializacion en derecho de la seguridad social', '101422', 32, 4, 0, 2, 1, 1, '2016-05-01', 'http://www.udea.edu.co/'),
(734, 3, 18, 'Especializacion en derecho de familia', '101423', 32, 4, 0, 2, 1, 1, '2016-05-01', 'http://www.udea.edu.co/'),
(735, 3, 18, 'Especializacion en derecho administrativo', '101424', 32, 4, 0, 2, 1, 1, '2016-05-01', 'http://www.udea.edu.co/'),
(736, 3, 10, 'Maestria en terapia familiar y de pareja', '101534', 58, 5, 0, 4, 1, 1, '2016-05-01', 'http://www.udea.edu.co/'),
(737, 3, 10, 'Especializacion en problemas de la infancia y de la adolescencia', '101535', 26, 4, 0, 2, 1, 1, '2016-05-01', 'http://www.udea.edu.co/'),
(738, 3, 18, 'Especializacion en logistica integral', '101536', 43, 4, 0, 2, 1, 1, '2016-05-01', 'http://www.udea.edu.co/'),
(739, 3, 10, 'Especializacion en responsabilidad social empresarial', '101537', 34, 4, 0, 2, 1, 1, '2016-05-01', 'http://www.udea.edu.co/'),
(740, 3, 414, 'Oceanografia', '101539', 58, 3, 0, 8, 1, 1, '2016-05-01', 'http://www.udea.edu.co/'),
(741, 3, 414, 'Ingenieria oceanografica', '101540', 50, 3, 0, 10, 1, 1, '2016-05-01', 'http://www.udea.edu.co/'),
(742, 3, 10, 'Maestria en artes', '101567', 5, 5, 0, 4, 1, 1, '2016-05-01', 'http://www.udea.edu.co/'),
(743, 3, 10, 'Estadistica', '101571', 58, 3, 0, 9, 1, 1, '2016-05-01', 'http://www.udea.edu.co/'),
(744, 3, 10, 'Especializacion en analisis y diseno de estructuras', '101594', 47, 4, 0, 2, 1, 1, '2016-05-01', 'http://www.udea.edu.co/'),
(745, 3, 10, 'Maestria en ingenieria de materiales', '101606', 39, 5, 0, 4, 1, 1, '2016-05-01', 'http://www.udea.edu.co/'),
(746, 3, 19, 'Gestion en ecologia y turismo', '101607', 58, 3, 0, 8, 1, 1, '2016-05-01', 'http://www.udea.edu.co/'),
(747, 3, 414, 'Gestion en ecologia y turismo', '101608', 58, 3, 0, 8, 1, 1, '2016-05-01', 'http://www.udea.edu.co/'),
(748, 3, 15, 'Gestion en ecologia y turismo', '101612', 58, 3, 0, 8, 1, 1, '2016-05-01', 'http://www.udea.edu.co/'),
(749, 3, 414, 'Comunicacion social ? periodismo', '101698', 30, 3, 0, 8, 1, 1, '2016-05-01', 'http://www.udea.edu.co/'),
(750, 3, 19, 'Comunicacion social ? periodismo', '101699', 30, 3, 0, 8, 1, 1, '2016-05-01', 'http://www.udea.edu.co/'),
(751, 3, 414, 'Tecnologia en microbiologia veterinaria', '101700', 58, 2, 0, 6, 1, 1, '2016-05-01', 'http://www.udea.edu.co/'),
(752, 3, 16, 'Tecnologia en microbiologia veterinaria', '101701', 58, 2, 0, 6, 1, 1, '2016-05-01', 'http://www.udea.edu.co/'),
(753, 3, 18, 'Tecnologia en microbiologia veterinaria', '101702', 58, 2, 0, 6, 1, 1, '2016-05-01', 'http://www.udea.edu.co/'),
(754, 3, 15, 'Tecnologia en microbiologia veterinaria', '101703', 58, 2, 0, 6, 1, 1, '2016-05-01', 'http://www.udea.edu.co/'),
(755, 3, 10, 'Licenciatura en musica', '101706', 12, 3, 0, 10, 1, 1, '2016-05-01', 'http://www.udea.edu.co/'),
(756, 3, 18, 'Tecnologia en saneamiento ambiental', '101710', 50, 2, 0, 6, 1, 1, '2016-05-01', 'http://www.udea.edu.co/'),
(757, 3, 17, 'Tecnologia en saneamiento ambiental', '101712', 50, 2, 0, 6, 1, 1, '2016-05-01', 'http://www.udea.edu.co/'),
(758, 3, 414, 'Tecnologia en saneamiento ambiental', '101713', 50, 2, 0, 6, 1, 1, '2016-05-01', 'http://www.udea.edu.co/'),
(759, 3, 16, 'Maestria en educacion', '101771', 12, 5, 0, 4, 1, 1, '2016-05-01', 'http://www.udea.edu.co/'),
(760, 3, 18, 'Maestria en educacion', '101772', 12, 5, 0, 4, 1, 1, '2016-05-01', 'http://www.udea.edu.co/'),
(761, 3, 413, 'Derecho', '101792', 32, 3, 0, 10, 1, 1, '2016-05-01', 'http://www.udea.edu.co/'),
(762, 3, 16, 'Derecho', '101793', 32, 3, 0, 10, 1, 1, '2016-05-01', 'http://www.udea.edu.co/'),
(763, 3, 10, 'Licenciatura en teatro', '101865', 12, 3, 0, 10, 1, 1, '2016-05-01', 'http://www.udea.edu.co/'),
(764, 3, 17, 'Tecnologia en joyeria', '101891', 58, 2, 0, 6, 1, 1, '2016-05-01', 'http://www.udea.edu.co/'),
(765, 3, 412, 'Tecnologia en artesanias', '101892', 4, 2, 0, 6, 1, 1, '2016-05-01', 'http://www.udea.edu.co/'),
(766, 3, 10, 'Maestria en ensenanza de las matematicas', '101929', 57, 5, 0, 4, 3, 1, '2016-05-01', 'http://www.udea.edu.co/'),
(767, 3, 15, 'Especializacion en preparacion y evaluacion de proyectos privados', '101978', 52, 4, 0, 2, 1, 1, '2016-05-01', 'http://www.udea.edu.co/'),
(768, 3, 10, 'Archivistica', '101991', 58, 3, 0, 8, 1, 1, '2016-05-01', 'http://www.udea.edu.co/'),
(769, 3, 10, 'Maestria en traduccion', '102004', 27, 5, 0, 4, 1, 1, '2016-05-01', 'http://www.udea.edu.co/'),
(770, 3, 414, 'Gestion cultural', '102062', 58, 3, 0, 8, 1, 1, '2016-05-01', 'http://www.udea.edu.co/'),
(771, 3, 10, 'Especializacion en cuidado de enfermeria al paciente con cancer y su familia', '102132', 18, 4, 0, 3, 1, 1, '2016-05-01', 'http://www.udea.edu.co/'),
(772, 3, 413, 'Licenciatura en educacion fisica', '102218', 12, 3, 0, 10, 1, 1, '2016-05-01', 'http://www.udea.edu.co/'),
(773, 3, 10, 'Maestria en ingenieria mecanica', '102250', 42, 5, 0, 4, 1, 1, '2016-05-01', 'http://www.udea.edu.co/'),
(774, 3, 10, 'Maestria en ciencias veterinarias', '102263', 3, 5, 0, 4, 1, 1, '2016-05-01', 'http://www.udea.edu.co/'),
(776, 3, 10, 'Doctorado en ciencias veterinarias', '102276', 3, 6, 0, 8, 1, 1, '2016-05-01', 'http://www.udea.edu.co/'),
(777, 3, 18, 'Gestion en ecologia y turismo', '102284', 58, 3, 0, 8, 1, 1, '2016-05-01', 'http://www.udea.edu.co/'),
(778, 3, 416, 'Entrenamiento deportivo', '102292', 31, 3, 0, 8, 1, 1, '2016-05-01', 'http://www.udea.edu.co/'),
(781, 3, 18, 'Nutricion y dietetica', '102436', 17, 3, 0, 10, 1, 1, '2016-05-01', 'http://www.udea.edu.co/'),
(782, 3, 15, 'Especializacion en gestion tributaria', '102522', 35, 4, 0, 3, 1, 1, '2016-05-01', 'http://www.udea.edu.co/'),
(783, 3, 415, 'Gestion cultural', '102538', 58, 3, 0, 8, 1, 1, '2016-05-01', 'http://www.udea.edu.co/'),
(784, 3, 414, 'Licenciatura en musica', '102539', 12, 3, 0, 10, 1, 1, '2016-05-01', 'http://www.udea.edu.co/'),
(785, 3, 10, 'Maestria en literatura', '102636', 27, 5, 0, 4, 1, 1, '2016-05-01', 'http://www.udea.edu.co/'),
(786, 3, 10, 'Maestria en gerencia de proyectos', '102671', 43, 5, 0, 4, 1, 1, '2016-05-01', 'http://www.udea.edu.co/'),
(787, 3, 10, 'Maestria en educacion en ciencias naturales', '102672', 12, 5, 0, 4, 1, 1, '2016-05-01', 'http://www.udea.edu.co/'),
(788, 3, 414, 'Especializacion en problemas de la infancia y de la adolescencia', '102731', 26, 4, 0, 2, 1, 1, '2016-05-01', 'http://www.udea.edu.co/'),
(789, 3, 18, 'Especializacion en problemas de la infancia y de la adoslescencia', '102732', 26, 4, 0, 2, 1, 1, '2016-05-01', 'http://www.udea.edu.co/'),
(790, 3, 415, 'Ingenieria agropecuaria', '102814', 58, 3, 0, 10, 1, 1, '2016-05-01', 'http://www.udea.edu.co/'),
(791, 3, 10, 'Maestria en sociologia', '102831', 58, 5, 0, 4, 1, 1, '2016-05-01', 'http://www.udea.edu.co/'),
(792, 3, 414, 'Contaduria publica', '102886', 35, 3, 0, 10, 1, 1, '2016-05-01', 'http://www.udea.edu.co/'),
(793, 3, 16, 'Tecnologia en saneamiento ambiental', '102904', 50, 2, 0, 6, 1, 1, '2016-05-01', 'http://www.udea.edu.co/'),
(794, 3, 10, 'Maestria en ciencias odontologicas', '102971', 14, 5, 0, 4, 1, 1, '2016-05-01', 'http://www.udea.edu.co/'),
(795, 3, 18, 'Medicina veterinaria', '102972', 3, 3, 0, 10, 1, 1, '2016-05-01', 'http://www.udea.edu.co/'),
(796, 3, 15, 'Contaduria publica', '103007', 35, 3, 0, 10, 1, 1, '2016-05-01', 'http://www.udea.edu.co/'),
(797, 3, 10, 'Especializacion en democracia escolar', '103037', 58, 4, 0, 2, 1, 1, '2016-05-01', 'http://www.udea.edu.co/'),
(798, 3, 414, 'Especializacion en teorias metodos y tecnicas en investigacion social', '103038', 58, 4, 0, 2, 1, 1, '2016-05-01', 'http://www.udea.edu.co/'),
(799, 3, 19, 'Contaduria publica', '103048', 35, 3, 0, 10, 1, 1, '2016-05-01', 'http://www.udea.edu.co/'),
(800, 3, 18, 'Arte dramatico', '103071', 7, 3, 0, 8, 1, 1, '2016-05-01', 'http://www.udea.edu.co/'),
(801, 3, 416, 'Ingenieria agroindustrial', '103110', 48, 3, 0, 10, 1, 1, '2016-05-01', 'http://www.udea.edu.co/'),
(802, 3, 18, 'Tecnologia agroindustrial', '103111', 48, 2, 0, 6, 1, 1, '2016-05-01', 'http://www.udea.edu.co/'),
(803, 3, 416, 'Tecnologia  agroindustrial', '103112', 48, 2, 0, 6, 1, 1, '2016-05-01', 'http://www.udea.edu.co/'),
(804, 3, 15, 'Antropologia', '103122', 22, 3, 0, 8, 1, 1, '2016-05-01', 'http://www.udea.edu.co/'),
(805, 3, 18, 'Ingenieria agroindustrial', '103138', 48, 3, 0, 10, 1, 1, '2016-05-01', 'http://www.udea.edu.co/'),
(806, 3, 18, 'Ingenieria agropecuaria', '103139', 38, 3, 0, 10, 1, 1, '2016-05-01', 'http://www.udea.edu.co/'),
(807, 3, 15, 'Especializacion en salud ocupacional', '103140', 58, 4, 0, 2, 1, 1, '2016-05-01', 'http://www.udea.edu.co/'),
(808, 3, 19, 'Tecnologia en artesanias', '103141', 4, 2, 0, 6, 1, 1, '2016-05-01', 'http://www.udea.edu.co/'),
(809, 3, 18, 'Licenciatura en teatro', '103142', 58, 3, 0, 10, 1, 1, '2016-05-01', 'http://www.udea.edu.co/'),
(810, 3, 19, 'Tecnologia en saneamiento ambiental', '103162', 50, 2, 0, 6, 1, 1, '2016-05-01', 'http://www.udea.edu.co/'),
(812, 3, 18, 'Biologia', '103293', 53, 3, 0, 10, 1, 1, '2016-05-01', 'http://www.udea.edu.co/'),
(813, 3, 18, 'Ingenieria bioquimica', '103309', 41, 3, 0, 10, 1, 1, '2016-05-01', 'http://www.udea.edu.co/'),
(814, 3, 15, 'Especializacion en derecho procesal', '103310', 32, 4, 0, 2, 1, 1, '2016-05-01', 'http://www.udea.edu.co/'),
(815, 3, 416, 'Ingenieria bioquimica', '103312', 41, 3, 0, 10, 1, 1, '2016-05-01', 'http://www.udea.edu.co/'),
(816, 3, 10, 'Musica', '103319', 6, 3, 0, 8, 1, 1, '2016-05-01', 'http://www.udea.edu.co/'),
(817, 3, 17, 'Ingenieria agropecuaria', '103333', 1, 3, 0, 10, 1, 1, '2016-05-01', 'http://www.udea.edu.co/'),
(818, 3, 414, 'Adminsitracion de empresas', '103398', 34, 3, 0, 10, 1, 1, '2016-05-01', 'http://www.udea.edu.co/'),
(819, 3, 16, 'Administracion de empresas', '103399', 34, 3, 0, 10, 1, 1, '2016-05-01', 'http://www.udea.edu.co/'),
(820, 3, 15, 'Administracion de empresas', '103400', 34, 3, 0, 10, 1, 1, '2016-05-01', 'http://www.udea.edu.co/'),
(825, 3, 414, 'Desarrollo territorial', '103590', 36, 3, 0, 9, 1, 1, '2016-05-01', 'http://www.udea.edu.co/'),
(826, 3, 18, 'Desarrollo territorial', '103592', 36, 3, 0, 9, 1, 1, '2016-05-01', 'http://www.udea.edu.co/'),
(827, 3, 19, 'Ingenieria acuicola', '103619', 38, 3, 0, 10, 1, 1, '2016-05-01', 'http://www.udea.edu.co/'),
(828, 3, 18, 'Ingenieria acuicola', '103620', 38, 3, 0, 10, 1, 1, '2016-05-01', 'http://www.udea.edu.co/'),
(829, 3, 15, 'Biologia', '103621', 58, 3, 0, 10, 1, 1, '2016-05-01', 'http://www.udea.edu.co/'),
(830, 3, 19, 'Matematicas', '103622', 58, 3, 0, 10, 1, 1, '2016-05-01', 'http://www.udea.edu.co/'),
(831, 3, 15, 'Matematicas', '103623', 58, 3, 0, 10, 1, 1, '2016-05-01', 'http://www.udea.edu.co/'),
(832, 3, 18, 'Enfermeria', '103626', 18, 3, 0, 8, 1, 1, '2016-05-01', 'http://www.udea.edu.co/'),
(833, 3, 19, 'Gestion cultural', '103797', 58, 3, 0, 8, 1, 1, '2016-05-01', 'http://www.udea.edu.co/'),
(834, 3, 10, 'Especializacion en psicopatologia y estructuras clinicas', '103798', 26, 4, 0, 2, 1, 1, '2016-05-01', 'http://www.udea.edu.co/'),
(835, 3, 19, 'Trabajo social', '103800', 58, 3, 0, 10, 1, 1, '2016-05-01', 'http://www.udea.edu.co/'),
(836, 3, 414, 'Trabajo social', '103802', 58, 3, 0, 10, 1, 1, '2016-05-01', 'http://www.udea.edu.co/'),
(837, 3, 15, 'Trabajo social', '103803', 58, 3, 0, 10, 1, 1, '2016-05-01', 'http://www.udea.edu.co/'),
(838, 3, 18, 'Trabajo social', '103816', 58, 3, 0, 10, 1, 1, '2016-05-01', 'http://www.udea.edu.co/'),
(839, 3, 416, 'Especializacion en derechos humanos y derecho internacional humanitario', '103830', 32, 4, 0, 2, 1, 1, '2016-05-01', 'http://www.udea.edu.co/'),
(840, 3, 18, 'Administracion de empresas', '103853', 34, 3, 0, 10, 1, 1, '2016-05-01', 'http://www.udea.edu.co/'),
(841, 3, 10, 'Maestria en finanzas', '103859', 58, 5, 0, 4, 1, 1, '2016-05-01', 'http://www.udea.edu.co/'),
(842, 3, 415, 'Comunicacion social ? periodismo', '103889', 30, 3, 0, 8, 1, 1, '2016-05-01', 'http://www.udea.edu.co/'),
(843, 3, 18, 'Historia', '103890', 23, 3, 0, 8, 1, 1, '2016-05-01', 'http://www.udea.edu.co/'),
(844, 3, 15, 'Historia', '103891', 23, 3, 0, 8, 1, 1, '2016-05-01', 'http://www.udea.edu.co/'),
(845, 3, 19, 'Historia', '103892', 23, 3, 0, 8, 1, 1, '2016-05-01', 'http://www.udea.edu.co/'),
(846, 3, 415, 'Historia', '103893', 23, 3, 0, 8, 1, 1, '2016-05-01', 'http://www.udea.edu.co/'),
(847, 3, 20, 'Historia', '103894', 23, 3, 0, 8, 1, 1, '2016-05-01', 'http://www.udea.edu.co/'),
(848, 3, 10, 'Maestria en estudios en infancias', '103895', 12, 5, 0, 4, 1, 1, '2016-05-01', 'http://www.udea.edu.co/'),
(849, 3, 10, 'MAESTR¿A EN EDUCACI¿N SUPERIOR EN SALUD', '103896', 58, 5, 0, 2, 1, 1, '2016-05-01', 'http://www.udea.edu.co/'),
(850, 3, 10, 'ESPECIALIZACION TECNOLOGICA EN REGENCIA DE FARMACIA', '103919', 58, 2, 0, 2, 3, 1, '2016-05-01', 'http://www.udea.edu.co/'),
(851, 3, 413, 'LICENCIATURA EN EDUCACIÓN BÁSICA CON ÉNFASIS EN HUMANIDADES LENGUA CASTELLANA', '103934', 12, 3, 0, 10, 1, 1, '2016-05-01', 'http://www.udea.edu.co/'),
(852, 3, 414, 'LICENCIATURA EN PEDAGOGÍA INFANTIL', '103935', 12, 3, 0, 10, 1, 1, '2016-05-01', 'http://www.udea.edu.co/'),
(853, 3, 16, 'LICENCIATURA EN EDUCACIÓN BÁSICA CON ÉNFASIS EN HUMANIDADES LENGUA CASTELLANA', '103936', 12, 3, 0, 10, 1, 1, '2016-05-01', 'http://www.udea.edu.co/');
INSERT INTO `programas` (`id`, `Universidad`, `Sede`, `Nombre`, `codigo_SNIES`, `nucleo_basico_conocimiento`, `nivel_formacion`, `costos`, `numero_semestres`, `modalidad`, `Jornada`, `fecha_admisiones`, `Correo_contacto`) VALUES
(854, 3, 414, 'LICENCIATURA EN EDUCACIÓN ESPECIAL', '103937', 12, 3, 0, 10, 1, 1, '2016-05-01', 'http://www.udea.edu.co/'),
(855, 3, 10, 'ESPECIALIZACIÓN EN MEDICINA DEL DOLOR', '104065', 58, 4, 0, 3, 1, 1, '2016-05-01', 'http://www.udea.edu.co/'),
(856, 3, 18, 'INGENIERÍA URBANA', '104068', 47, 3, 0, 10, 1, 1, '2016-05-01', 'http://www.udea.edu.co/'),
(857, 3, 20, 'MICROBIOLOGÍA INDUSTRIAL Y AMBIENTAL', '104103', 53, 3, 0, 10, 1, 1, '2016-05-01', 'http://www.udea.edu.co/'),
(858, 3, 18, 'MICROBIOLOGÍA INDUSTRIAL Y AMBIENTAL', '104104', 53, 3, 0, 10, 1, 1, '2016-05-01', 'http://www.udea.edu.co/'),
(859, 3, 19, 'MICROBIOLOGÍA INDUSTRIAL Y AMBIENTAL', '104185', 53, 3, 0, 10, 1, 1, '2016-05-01', 'http://www.udea.edu.co/'),
(860, 3, 10, 'DOCTORADO EN CIENCIAS ODONTOLÓGICAS', '104229', 14, 6, 0, 8, 1, 1, '2016-05-01', 'http://www.udea.edu.co/'),
(861, 3, 416, 'DERECHO', '104266', 32, 3, 0, 10, 1, 1, '2016-05-01', 'http://www.udea.edu.co/'),
(862, 3, 415, 'GESTIÓN EN ECOLOGÍA Y TURISMO', '104317', 34, 3, 0, 8, 1, 1, '2016-05-01', 'http://www.udea.edu.co/'),
(863, 3, 10, 'MAESTRÍA EN AGRONEGOCIOS', '104350', 34, 5, 0, 4, 1, 1, '2016-05-01', 'http://www.udea.edu.co/'),
(864, 3, 10, 'MAESTRÍA EN GESTIÓN HUMANA', '104356', 58, 5, 0, 4, 1, 1, '2016-05-01', 'http://www.udea.edu.co/'),
(865, 3, 20, 'MAESTRÍA EN MOTRICIDAD - DESARROLLO HUMANO', '104368', 58, 5, 0, 4, 1, 1, '2016-05-01', 'http://www.udea.edu.co/'),
(866, 3, 10, 'MAESTRÍA EN POLÍTICAS PÚBLICAS', '104480', 58, 5, 0, 4, 1, 1, '2016-05-01', 'http://www.udea.edu.co/'),
(867, 3, 20, 'SOCIOLOGÍA', '104501', 24, 3, 0, 8, 1, 1, '2016-05-01', 'http://www.udea.edu.co/'),
(868, 3, 19, 'TÉCNICA PROFESIONAL EN ATENCIÓN PREHOSPITALARIA', '104551', 58, 1, 0, 3, 1, 1, '2016-05-01', 'http://www.udea.edu.co/'),
(869, 3, 412, 'TÉCNICA PROFESIONAL EN ATENCIÓN PREHOSPITALARIA', '104552', 58, 1, 0, 3, 1, 1, '2016-05-01', 'http://www.udea.edu.co/'),
(870, 3, 18, 'TÉCNICA PROFESIONAL EN ATENCIÓN PREHOSPITALARIA', '104553', 58, 1, 0, 3, 1, 1, '2016-05-01', 'http://www.udea.edu.co/'),
(871, 3, 16, 'TÉCNICA PROFESIONAL EN ATENCIÓN PREHOSPITALARIA', '104554', 58, 1, 0, 3, 1, 1, '2016-05-01', 'http://www.udea.edu.co/'),
(872, 3, 18, 'TECNOLOGÍA BIOMÉDICA', '104560', 49, 2, 0, 6, 1, 1, '2016-05-01', 'http://www.udea.edu.co/'),
(873, 3, 18, 'MAESTRÍA EN LITERATURA', '104603', 27, 5, 0, 4, 1, 1, '2016-05-01', 'http://www.udea.edu.co/'),
(874, 3, 414, 'MAESTR¿A EN CIENCIAS DEL MAR', '104681', 58, 5, 0, 4, 1, 1, '2016-05-01', 'http://www.udea.edu.co/'),
(875, 3, 10, 'PEDAGOG¿A', '104686', 58, 3, 0, 10, 1, 1, '2016-05-01', 'http://www.udea.edu.co/'),
(876, 3, 19, 'Licenciatura en educacion basica con enfasis en humanidades lengua castellana', '104779', 12, 3, 0, 10, 1, 1, '2016-05-01', 'http://www.udea.edu.co/'),
(877, 3, 19, 'Tecnico profesional agropecuario', '104780', 1, 1, 0, 4, 1, 1, '2016-05-01', 'http://www.udea.edu.co/'),
(878, 3, 10, 'Maestria en educacion', '104781', 12, 5, 0, 4, 3, 1, '2016-05-01', 'http://www.udea.edu.co/'),
(884, 3, 10, 'Doctorado en ingenieria electronica y de computacion', '104987', 44, 6, 0, 8, 1, 1, '2016-05-01', 'http://www.udea.edu.co/'),
(885, 3, 10, 'Doctorado en psicoanalisis', '104992', 58, 6, 0, 6, 1, 1, '2016-05-01', 'http://www.udea.edu.co/'),
(886, 3, 10, 'Tecnica profesional en atencion prehospitalaria', '104999', 20, 1, 0, 3, 1, 1, '2016-05-01', 'http://www.udea.edu.co/'),
(887, 3, 10, 'Maestria en telesalud', '105130', 58, 5, 0, 4, 3, 1, '2016-05-01', 'http://www.udea.edu.co/'),
(888, 3, 19, 'Especializacion de administracion de servicios de salud', '105156', 34, 4, 0, 2, 1, 1, '2016-05-01', 'http://www.udea.edu.co/'),
(889, 3, 19, 'Especializacion en auditoria en salud', '105170', 58, 4, 0, 2, 1, 1, '2016-05-01', 'http://www.udea.edu.co/'),
(890, 3, 10, 'Maestria en administracion hospitalaria', '105258', 34, 5, 0, 4, 1, 1, '2016-05-01', 'http://www.udea.edu.co/'),
(891, 3, 10, 'Especializacion clinica en cirugia oral y maxilofacial', '105431', 58, 4, 0, 8, 1, 1, '2016-05-01', 'http://www.udea.edu.co/'),
(892, 4, 21, 'Tecnologia en sistematizacion de datos', '1140', 46, 2, 0, 0, 1, 1, '2016-05-01', 'informacion.programas@utadeo.edu.co'),
(893, 4, 21, 'Agrologia', '1141', 1, 3, 0, 10, 1, 1, '2016-05-01', 'informacion.programas@utadeo.edu.co'),
(894, 4, 21, 'Bellas artes', '1142', 4, 3, 0, 9, 1, 1, '2016-05-01', 'informacion.programas@utadeo.edu.co'),
(895, 4, 21, 'Diseno grafico', '1143', 9, 3, 7500000, 8, 1, 1, '2016-05-01', 'informacion.programas@utadeo.edu.co'),
(896, 4, 21, 'Diseno industrial', '1144', 9, 3, 7500000, 8, 1, 1, '2016-05-01', 'informacion.programas@utadeo.edu.co'),
(897, 4, 21, 'Arquitectura de interiores', '1145', 9, 3, 0, 10, 1, 1, '2016-05-01', 'informacion.programas@utadeo.edu.co'),
(898, 4, 21, 'Publicidad', '1146', 4, 3, 7500000, 8, 1, 1, '2016-05-01', 'informacion.programas@utadeo.edu.co'),
(899, 4, 21, 'Comunicacion social -  periodismo', '1147', 30, 3, 6830000, 8, 1, 1, '2016-05-01', 'informacion.programas@utadeo.edu.co'),
(900, 4, 21, 'Relaciones internacionales', '1148', 33, 3, 6830000, 10, 1, 1, '2016-05-01', 'informacion.programas@utadeo.edu.co'),
(901, 4, 21, 'Economia', '1149', 36, 3, 4850000, 9, 1, 1, '2016-05-01', 'informacion.programas@utadeo.edu.co'),
(902, 4, 21, 'Comercio internacional', '1150', 36, 3, 0, 9, 1, 1, '2016-05-01', 'informacion.programas@utadeo.edu.co'),
(903, 4, 21, 'Mercadeo', '1151', 34, 3, 5290000, 10, 1, 1, '2016-05-01', 'informacion.programas@utadeo.edu.co'),
(904, 4, 21, 'Administracion de empresas', '1152', 34, 3, 5500000, 8, 1, 1, '2016-05-01', 'informacion.programas@utadeo.edu.co'),
(905, 4, 21, 'Administracion de empresas agropecuarias', '1153', 34, 3, 4490000, 8, 1, 1, '2016-05-01', 'informacion.programas@utadeo.edu.co'),
(906, 4, 21, 'Administracion de sistemas de informacion', '1154', 46, 3, 0, 10, 1, 1, '2016-05-01', 'informacion.programas@utadeo.edu.co'),
(907, 4, 21, 'Contaduria publica', '1155', 35, 3, 4170000, 10, 1, 1, '2016-05-01', 'informacion.programas@utadeo.edu.co'),
(908, 4, 21, 'Ingenieria de alimentos', '1156', 48, 3, 5030000, 10, 1, 1, '2016-05-01', 'informacion.programas@utadeo.edu.co'),
(909, 4, 21, 'Ingenieria geografica', '1157', 47, 3, 0, 10, 1, 1, '2016-05-01', 'informacion.programas@utadeo.edu.co'),
(910, 4, 21, 'Biologia marina', '1158', 53, 3, 5920000, 10, 1, 1, '2016-05-01', 'informacion.programas@utadeo.edu.co'),
(911, 4, 21, 'Especializacion en relaciones internacionales', '1159', 33, 4, 0, 3, 1, 1, '2016-05-01', 'informacion.programas@utadeo.edu.co'),
(912, 4, 21, 'Especializacion en planificacion del desarrollo', '1160', 36, 4, 0, 2, 1, 1, '2016-05-01', 'informacion.programas@utadeo.edu.co'),
(913, 4, 21, 'Especializacion en mercadeo agroindustrial', '2480', 34, 4, 0, 3, 1, 1, '2016-05-01', 'informacion.programas@utadeo.edu.co'),
(914, 4, 21, 'Especializacion en gerencia de servicios de salud', '2685', 34, 4, 0, 3, 1, 1, '2016-05-01', 'informacion.programas@utadeo.edu.co'),
(915, 4, 21, 'Especializacion en gerencia de negocios internacionales', '2772', 34, 4, 0, 2, 1, 1, '2016-05-01', 'informacion.programas@utadeo.edu.co'),
(916, 4, 21, 'Especializacion en gerencia de mercadeo', '2822', 34, 4, 0, 2, 1, 1, '2016-05-01', 'informacion.programas@utadeo.edu.co'),
(917, 4, 21, 'Especializacion en administracion de salud ocupacional', '2846', 34, 4, 0, 3, 1, 1, '2016-05-01', 'informacion.programas@utadeo.edu.co'),
(918, 4, 21, 'Especializacion en logistica comercial nacional e internacional', '3063', 43, 4, 7700000, 2, 1, 1, '2016-05-01', 'informacion.programas@utadeo.edu.co'),
(919, 4, 21, 'Especializacion en gerencia de finanzas internacionales', '3064', 34, 4, 0, 3, 1, 1, '2016-05-01', 'informacion.programas@utadeo.edu.co'),
(920, 4, 21, 'Especializacion en gerencia en empresas de alimentos', '3154', 34, 4, 0, 3, 1, 1, '2016-05-01', 'informacion.programas@utadeo.edu.co'),
(921, 4, 21, 'Especializacion en administracion y auditoria tributaria', '3232', 34, 4, 5960000, 3, 1, 1, '2016-05-01', 'informacion.programas@utadeo.edu.co'),
(922, 4, 21, 'Especializacion en interpretacion del arte colombiano lecturaemblematica', '3627', 22, 4, 5960000, 2, 1, 1, '2016-05-01', 'informacion.programas@utadeo.edu.co'),
(923, 4, 21, 'Especializacion en gerencia y auditoria de la calidad de la salud.', '3671', 35, 4, 7620000, 2, 1, 1, '2016-05-01', 'informacion.programas@utadeo.edu.co'),
(924, 4, 21, 'Especializacion en evaluacion del impacto ambiental de proyectos', '4456', 36, 4, 6600000, 2, 1, 1, '2016-05-01', 'informacion.programas@utadeo.edu.co'),
(925, 4, 21, 'Derecho', '4467', 32, 3, 6590000, 8, 1, 1, '2016-05-01', 'informacion.programas@utadeo.edu.co'),
(926, 4, 21, 'Especializacion en floricultura y horticultura', '4491', 1, 4, 0, 3, 1, 1, '2016-05-01', 'informacion.programas@utadeo.edu.co'),
(927, 4, 21, 'Especializacion en revisoria fiscal', '4578', 35, 4, 0, 3, 1, 1, '2016-05-01', 'informacion.programas@utadeo.edu.co'),
(928, 4, 21, 'Especializacion en gerencia financiera', '4579', 34, 4, 7800000, 2, 1, 1, '2016-05-01', 'informacion.programas@utadeo.edu.co'),
(929, 4, 21, 'Especializacion en gerencia de modas', '4580', 34, 4, 0, 3, 1, 1, '2016-05-01', 'informacion.programas@utadeo.edu.co'),
(930, 4, 21, 'Maestria en mercadeo agroindustrial', '4903', 34, 5, 0, 2, 1, 1, '2016-05-01', 'informacion.programas@utadeo.edu.co'),
(931, 4, 21, 'Especializacion en gerencia de produccion y productividad', '4970', 34, 4, 0, 2, 1, 1, '2016-05-01', 'informacion.programas@utadeo.edu.co'),
(932, 4, 21, 'Especializacion en mercadeo y finanzas de la salud', '5118', 34, 4, 0, 3, 1, 1, '2016-05-01', 'informacion.programas@utadeo.edu.co'),
(933, 4, 21, 'Especializacion en diseno urbano', '5130', 9, 4, 0, 2, 1, 1, '2016-05-01', 'informacion.programas@utadeo.edu.co'),
(934, 4, 21, 'Especializacion en comunicacion y medio ambiente', '5309', 30, 4, 0, 3, 1, 1, '2016-05-01', 'informacion.programas@utadeo.edu.co'),
(935, 4, 24, 'Especializacion en gerencia de negocios internacionales', '5389', 34, 4, 0, 2, 1, 1, '2016-05-01', 'informacion.programas@utadeo.edu.co'),
(938, 4, 24, 'Especializacion en gerencia de servicios de salud', '6512', 34, 4, 0, 3, 1, 1, '2016-05-01', 'informacion.programas@utadeo.edu.co'),
(939, 4, 21, 'Especializacion en gerencia de recursos humanos', '6550', 34, 4, 0, 3, 1, 1, '2016-05-01', 'informacion.programas@utadeo.edu.co'),
(942, 4, 24, 'Especializacion en gerencia financiera', '6624', 34, 4, 5290000, 2, 1, 1, '2016-05-01', 'informacion.programas@utadeo.edu.co'),
(943, 4, 21, 'Especializacion en conservacion y restauracion de patrimonio arquitectonico', '6683', 37, 4, 0, 2, 1, 1, '2016-05-01', 'informacion.programas@utadeo.edu.co'),
(944, 4, 21, 'Especializacion en administracion de instituciones se seguridad social', '7138', 34, 4, 0, 3, 1, 1, '2016-05-01', 'informacion.programas@utadeo.edu.co'),
(945, 4, 24, 'Especializacion en comunicacion y medio ambiente', '7223', 30, 4, 0, 3, 1, 1, '2016-05-01', 'informacion.programas@utadeo.edu.co'),
(946, 4, 21, 'Especializacion en gerencia de publicidad', '7686', 34, 4, 6460000, 2, 1, 1, '2016-05-01', 'informacion.programas@utadeo.edu.co'),
(947, 4, 21, 'Especializacion en gerencia de diseno', '7689', 9, 4, 6830000, 2, 1, 1, '2016-05-01', 'informacion.programas@utadeo.edu.co'),
(951, 4, 21, 'Especializacion en acuicultura', '8445', 2, 4, 0, 2, 1, 1, '2016-05-01', 'informacion.programas@utadeo.edu.co'),
(953, 4, 21, 'Especializacion en altos estudios del deporte', '8561', 31, 4, 0, 2, 1, 1, '2016-05-01', 'informacion.programas@utadeo.edu.co'),
(956, 4, 24, 'Especializacion en gerencia de mercadeo', '9070', 34, 4, 5290000, 2, 1, 1, '2016-05-01', 'informacion.programas@utadeo.edu.co'),
(957, 4, 21, 'Especializacion en gerencia en gobierno y gestion publica', '9583', 58, 4, 7180000, 2, 1, 1, '2016-05-01', 'informacion.programas@utadeo.edu.co'),
(958, 4, 23, 'Especializacion en gerencia financiera', '9701', 34, 4, 0, 2, 1, 1, '2016-05-01', 'informacion.programas@utadeo.edu.co'),
(959, 4, 21, 'Especializacion en gestion de recursos internacionales fundraising', '9773', 34, 4, 0, 2, 1, 1, '2016-05-01', 'informacion.programas@utadeo.edu.co'),
(962, 4, 21, 'Tecnologia en gestion del transporte', '10456', 34, 2, 0, 6, 1, 1, '2016-05-01', 'informacion.programas@utadeo.edu.co'),
(964, 4, 21, 'Tecnologia en logistica para alimentos perecederos', '10630', 43, 2, 0, 6, 1, 1, '2016-05-01', 'informacion.programas@utadeo.edu.co'),
(965, 4, 21, 'Biologia ambiental', '11185', 53, 3, 5920000, 10, 1, 1, '2016-05-01', 'informacion.programas@utadeo.edu.co'),
(966, 4, 21, 'Biologia vegetal', '11189', 53, 3, 0, 10, 1, 1, '2016-05-01', 'informacion.programas@utadeo.edu.co'),
(967, 4, 21, 'Especializacion en desarrollo de bases de datos', '11269', 46, 4, 7460000, 4, 1, 1, '2016-05-01', 'informacion.programas@utadeo.edu.co'),
(968, 4, 21, 'Especializacion en desarrollo de sitios web', '11270', 46, 4, 0, 2, 1, 1, '2016-05-01', 'informacion.programas@utadeo.edu.co'),
(969, 4, 21, 'Tecnologia en realizacion de audiovisuales y multimedia', '11401', 4, 2, 4350000, 6, 1, 1, '2016-05-01', 'informacion.programas@utadeo.edu.co'),
(973, 4, 24, 'Especializacion en gerencia y auditoria de la calidad de la salud.', '11480', 35, 4, 4700000, 3, 1, 1, '2016-05-01', 'informacion.programas@utadeo.edu.co'),
(974, 4, 21, 'Especializacion en auditoria de programas de prevencion de riesgos profesionales', '11803', 43, 4, 0, 2, 1, 1, '2016-05-01', 'informacion.programas@utadeo.edu.co'),
(975, 4, 21, 'Tecnologia en produccion radial', '11863', 30, 2, 0, 6, 1, 1, '2016-05-01', 'informacion.programas@utadeo.edu.co'),
(977, 4, 21, 'Especializacion en diseno urbano', '12599', 9, 4, 7460000, 2, 1, 1, '2016-05-01', 'informacion.programas@utadeo.edu.co'),
(978, 4, 21, 'Especializacion en gerencia de produccion y productividad', '12602', 34, 4, 0, 2, 1, 1, '2016-05-01', 'informacion.programas@utadeo.edu.co'),
(980, 4, 21, 'Especializacion en gerencia de servicios de salud', '12872', 34, 4, 0, 3, 1, 1, '2016-05-01', 'informacion.programas@utadeo.edu.co'),
(981, 4, 21, 'Administracion de sistemas de informacion', '12874', 46, 3, 0, 12, 1, 1, '2016-05-01', 'informacion.programas@utadeo.edu.co'),
(982, 4, 21, 'Tecnologia en preprensa impresion y acabados', '12924', 9, 2, 0, 6, 1, 1, '2016-05-01', 'informacion.programas@utadeo.edu.co'),
(983, 4, 21, 'Tecnologia en gestion de exportaciones e importaciones', '12927', 34, 2, 0, 6, 1, 1, '2016-05-01', 'informacion.programas@utadeo.edu.co'),
(984, 4, 21, 'Especializacion en gerencia de turismo', '13484', 34, 4, 0, 2, 1, 1, '2016-05-01', 'informacion.programas@utadeo.edu.co'),
(985, 4, 21, 'Tecnologia en poscosecha y comercializacion de flores frutas y hortalizas', '13767', 1, 2, 0, 0, 1, 1, '2016-05-01', 'informacion.programas@utadeo.edu.co'),
(986, 4, 21, 'Especializacion en gerencia de recursos humanos', '14784', 34, 4, 0, 3, 1, 1, '2016-05-01', 'informacion.programas@utadeo.edu.co'),
(987, 4, 21, 'Especializacion en mercadeo y finanzas de la salud', '14787', 34, 4, 0, 3, 1, 1, '2016-05-01', 'informacion.programas@utadeo.edu.co'),
(988, 4, 21, 'Especializacion en edicion digital y multimedia', '14845', 9, 4, 0, 3, 1, 1, '2016-05-01', 'informacion.programas@utadeo.edu.co'),
(989, 4, 21, 'Tecnologia en aseguramiento de la calidad analitica para el sector agroalimentario', '15369', 43, 2, 0, 6, 1, 1, '2016-05-01', 'informacion.programas@utadeo.edu.co'),
(990, 4, 21, 'Especializacion en economia y gestion de la salud', '15451', 36, 4, 5320000, 2, 1, 1, '2016-05-01', 'informacion.programas@utadeo.edu.co'),
(991, 4, 21, 'Periodismo digital', '15467', 30, 4, 5520000, 3, 1, 1, '2016-05-01', 'informacion.programas@utadeo.edu.co'),
(992, 4, 21, 'Especializacion en geotecnia ambiental', '15543', 47, 4, 0, 1, 1, 1, '2016-05-01', 'informacion.programas@utadeo.edu.co'),
(994, 4, 21, 'Especializacion en negocios electronicos e-business', '15627', 34, 4, 0, 2, 1, 1, '2016-05-01', 'informacion.programas@utadeo.edu.co'),
(995, 4, 23, 'Mercadeo', '17693', 34, 3, 0, 8, 1, 1, '2016-05-01', 'informacion.programas@utadeo.edu.co'),
(998, 4, 21, 'Especializacion en estandares internacionales de contabilidad y  auditoria', '20902', 35, 4, 6180000, 2, 1, 1, '2016-05-01', 'informacion.programas@utadeo.edu.co'),
(999, 4, 21, 'Maestria en ciencias ambientales', '20921', 55, 5, 6920000, 4, 1, 1, '2016-05-01', 'informacion.programas@utadeo.edu.co'),
(1002, 4, 23, 'Bellas artes', '52311', 4, 3, 0, 9, 1, 1, '2016-05-01', 'informacion.programas@utadeo.edu.co'),
(1004, 4, 23, 'Biologia marina', '52458', 53, 3, 0, 10, 1, 1, '2016-05-01', 'informacion.programas@utadeo.edu.co'),
(1005, 4, 23, 'Especializacion en logistica comercial', '52476', 34, 4, 0, 2, 1, 1, '2016-05-01', 'informacion.programas@utadeo.edu.co'),
(1007, 4, 21, 'Tecnologia en representacion de la arquitectura', '53707', 37, 2, 0, 6, 1, 1, '2016-05-01', 'informacion.programas@utadeo.edu.co'),
(1008, 4, 21, 'Tecnologia en produccion digital para medios impresos y electronicos', '53808', 9, 2, 0, 6, 1, 1, '2016-05-01', 'informacion.programas@utadeo.edu.co'),
(1009, 4, 21, 'Maestria en semiotica', '53852', 27, 5, 6280000, 4, 1, 1, '2016-05-01', 'informacion.programas@utadeo.edu.co'),
(1010, 4, 21, 'Maestria en estetica e historia del arte', '53854', 23, 5, 6280000, 4, 1, 1, '2016-05-01', 'informacion.programas@utadeo.edu.co'),
(1011, 4, 21, 'Tecnologia en cine y television', '53864', 30, 2, 0, 6, 1, 1, '2016-05-01', 'informacion.programas@utadeo.edu.co'),
(1012, 4, 21, 'Tecnologia en produccion de imagen fotografica', '53997', 9, 2, 4350000, 6, 1, 1, '2016-05-01', 'informacion.programas@utadeo.edu.co'),
(1013, 4, 21, 'Ingenieria quimica', '54685', 41, 3, 5760000, 10, 1, 1, '2016-05-01', 'informacion.programas@utadeo.edu.co'),
(1014, 4, 21, 'Especializacion en gerencia en salud ocupacional', '54840', 34, 4, 0, 3, 1, 1, '2016-05-01', 'informacion.programas@utadeo.edu.co'),
(1015, 4, 21, 'Ingenieria industrial', '54861', 43, 3, 5450000, 10, 1, 1, '2016-05-01', 'informacion.programas@utadeo.edu.co'),
(1016, 4, 21, 'Tecnologia en robotica y automatizacion industrial', '54990', 44, 2, 0, 6, 1, 1, '2016-05-01', 'informacion.programas@utadeo.edu.co'),
(1017, 4, 21, 'Ingenieria de sistemas', '55016', 46, 3, 5120000, 8, 1, 1, '2016-05-01', 'informacion.programas@utadeo.edu.co'),
(1018, 4, 21, 'Historia del arte', '55031', 23, 3, 5500000, 8, 1, 1, '2016-05-01', 'informacion.programas@utadeo.edu.co'),
(1019, 4, 21, 'Arquitectura', '55163', 37, 3, 6990000, 10, 1, 1, '2016-05-01', 'informacion.programas@utadeo.edu.co'),
(1020, 4, 24, 'Maestria en ciencias marinas', '90361', 53, 5, 6850000, 4, 1, 1, '2016-05-01', 'informacion.programas@utadeo.edu.co'),
(1021, 4, 24, 'Doctorado en ciencias del mar', '90528', 53, 6, 6900000, 8, 1, 1, '2016-05-01', 'informacion.programas@utadeo.edu.co'),
(1022, 4, 21, 'Ciencia politica y gobierno', '90981', 33, 3, 6590000, 8, 1, 1, '2016-05-01', 'informacion.programas@utadeo.edu.co'),
(1023, 4, 21, 'Artes plasticas', '91120', 4, 3, 6730000, 9, 1, 1, '2016-05-01', 'informacion.programas@utadeo.edu.co'),
(1024, 4, 21, 'Artes plasticas', '91121', 4, 3, 6730000, 8, 1, 1, '2016-05-01', 'informacion.programas@utadeo.edu.co'),
(1025, 4, 21, 'Maestria en publicidad', '101504', 8, 5, 6700000, 4, 1, 1, '2016-05-01', 'informacion.programas@utadeo.edu.co'),
(1026, 4, 21, 'Profesional en cine y television', '102086', 30, 3, 6690000, 8, 1, 1, '2016-05-01', 'informacion.programas@utadeo.edu.co'),
(1027, 4, 21, 'Maestria en modelado y simulacion', '102747', 58, 5, 0, 4, 1, 1, '2016-05-01', 'informacion.programas@utadeo.edu.co'),
(1028, 4, 21, 'Especializacion en gerencia del talento humano', '102748', 34, 4, 7180000, 3, 1, 1, '2016-05-01', 'informacion.programas@utadeo.edu.co'),
(1029, 4, 21, 'Especializacion en gerencia logistica comercial nacional e internacional', '102749', 43, 4, 0, 2, 1, 1, '2016-05-01', 'informacion.programas@utadeo.edu.co'),
(1030, 4, 21, 'Especializacion en gestion de la seguridad y salud en el trabajo', '102820', 34, 4, 7270000, 3, 1, 1, '2016-05-01', 'informacion.programas@utadeo.edu.co'),
(1031, 4, 21, 'Maestria en relaciones internacionales', '102836', 33, 5, 6560000, 4, 1, 1, '2016-05-01', 'informacion.programas@utadeo.edu.co'),
(1032, 4, 21, 'Maestria en arquitectura', '102903', 37, 5, 6900000, 4, 1, 1, '2016-05-01', 'informacion.programas@utadeo.edu.co'),
(1033, 4, 21, 'Diseno y gestion de la moda', '102914', 9, 3, 6600000, 8, 1, 1, '2016-05-01', 'informacion.programas@utadeo.edu.co'),
(1034, 4, 23, 'Especializacion en gerencia de publicidad', '103076', 8, 4, 5780000, 1, 1, 1, '2016-05-01', 'informacion.programas@utadeo.edu.co'),
(1035, 4, 21, 'Especializacion en peridismo digital', '103082', 30, 4, 0, 2, 1, 1, '2016-05-01', 'informacion.programas@utadeo.edu.co'),
(1036, 4, 21, 'Maestria en ingenieria de procesos y sistemas industriales', '103118', 43, 5, 6830000, 4, 1, 1, '2016-05-01', 'informacion.programas@utadeo.edu.co'),
(1037, 4, 21, 'Maestria en territorio y ciudad', '103119', 37, 5, 7460000, 4, 1, 1, '2016-05-01', 'informacion.programas@utadeo.edu.co'),
(1039, 4, 21, 'Maestria en ingenieria - gestion sostenible de la energia', '103177', 40, 5, 6590000, 4, 1, 1, '2016-05-01', 'informacion.programas@utadeo.edu.co'),
(1040, 4, 21, 'Diseno interactivo', '103276', 4, 3, 6600000, 8, 1, 1, '2016-05-01', 'informacion.programas@utadeo.edu.co'),
(1041, 4, 21, 'Maestria en argumentacion retorica y razonamiento', '103296', 58, 5, 6280000, 4, 1, 1, '2016-05-01', 'informacion.programas@utadeo.edu.co'),
(1042, 4, 21, 'Ingenieria en automatizacion', '103334', 43, 3, 5200000, 8, 1, 1, '2016-05-01', 'informacion.programas@utadeo.edu.co'),
(1043, 4, 21, 'Maestria en comercio internacional', '103479', 36, 5, 0, 4, 1, 1, '2016-05-01', 'informacion.programas@utadeo.edu.co'),
(1044, 4, 23, 'Especializacion en gerencia y auditoria de la calidad en salud', '103906', 58, 4, 4660000, 3, 1, 1, '2016-05-01', 'informacion.programas@utadeo.edu.co'),
(1045, 4, 23, 'Especializacion en gestion de la seguridad y salud en el trabajo', '103907', 34, 4, 4660000, 3, 1, 1, '2016-05-01', 'informacion.programas@utadeo.edu.co'),
(1046, 4, 24, 'Especializacion en gerencia del talento humano', '104070', 58, 4, 0, 2, 1, 1, '2016-05-01', 'informacion.programas@utadeo.edu.co'),
(1047, 4, 23, 'Especializacion en gerencia del talento humano', '104082', 58, 4, 5290000, 2, 1, 1, '2016-05-01', 'informacion.programas@utadeo.edu.co'),
(1048, 4, 23, 'Especializacion en gerencia  logistica comercial nacional e internacional', '104085', 34, 4, 5290000, 2, 1, 1, '2016-05-01', 'informacion.programas@utadeo.edu.co'),
(1049, 4, 24, 'Especializacion en gerencia logistica comercial nacional e internacional', '104086', 34, 4, 0, 2, 1, 1, '2016-05-01', 'informacion.programas@utadeo.edu.co'),
(1050, 4, 21, 'Maestria en ciudadania y derechos humanos', '104162', 58, 5, 6310000, 4, 1, 1, '2016-05-01', 'informacion.programas@utadeo.edu.co'),
(1052, 4, 21, 'Doctorado en modelado en politica y gestion publica', '104220', 34, 6, 6620000, 6, 1, 1, '2016-05-01', 'informacion.programas@utadeo.edu.co'),
(1054, 4, 21, 'Comercio internacional y finanzas', '104238', 36, 3, 6290000, 9, 1, 1, '2016-05-01', 'informacion.programas@utadeo.edu.co'),
(1058, 4, 23, 'Maestria en ciudadania y derechos humanos', '104503', 58, 5, 5900000, 4, 1, 1, '2016-05-01', 'informacion.programas@utadeo.edu.co'),
(1059, 4, 21, 'Maestria en artes plasticas', '104505', 58, 5, 6900000, 4, 1, 1, '2016-05-01', 'informacion.programas@utadeo.edu.co'),
(1060, 4, 23, 'Maestria en arquitectura', '104615', 37, 5, 6200000, 4, 1, 1, '2016-05-01', 'informacion.programas@utadeo.edu.co'),
(1061, 4, 24, 'Especializacion en desarrollo de bases de datos', '104626', 46, 4, 5500000, 2, 1, 1, '2016-05-01', 'informacion.programas@utadeo.edu.co'),
(1063, 4, 23, 'Especializacion en desarrollo de bases de datos', '104658', 46, 4, 0, 2, 1, 1, '2016-05-01', 'informacion.programas@utadeo.edu.co'),
(1064, 4, 21, 'Maestria en economia', '104669', 36, 5, 6510000, 4, 1, 1, '2016-05-01', 'informacion.programas@utadeo.edu.co'),
(1065, 4, 21, 'Maestria en gestion y politicas de salud', '104670', 34, 5, 8190000, 4, 1, 1, '2016-05-01', 'informacion.programas@utadeo.edu.co'),
(1066, 4, 21, 'Ingenieria ambiental', '104787', 50, 3, 0, 10, 1, 1, '2016-05-01', 'informacion.programas@utadeo.edu.co'),
(1067, 4, 21, 'Especializacion en gerencia del transporte', '104819', 34, 4, 0, 2, 1, 1, '2016-05-01', 'informacion.programas@utadeo.edu.co'),
(1068, 4, 24, 'Maestria en gestion ambiental de sistemas marino costeros', '104868', 58, 5, 0, 4, 1, 1, '2016-05-01', 'informacion.programas@utadeo.edu.co'),
(1069, 4, 23, 'Comercio internacional y finanzas', '104914', 58, 3, 0, 8, 1, 1, '2016-05-01', 'informacion.programas@utadeo.edu.co'),
(1070, 4, 23, 'Especializacion en periodismo digital', '104975', 30, 4, 4000000, 3, 1, 1, '2016-05-01', 'informacion.programas@utadeo.edu.co'),
(1071, 4, 23, 'Especializacion en gerencia de mercadeo', '104976', 58, 4, 5720000, 2, 1, 1, '2016-05-01', 'informacion.programas@utadeo.edu.co'),
(1072, 4, 23, 'Diseno grafico', '343', 9, 3, 4380000, 8, 1, 1, '2016-05-01', 'informacion.programas@utadeo.edu.co'),
(1073, 4, 23, 'Tecnologia en gestion de empresas turisticas', '1162', 34, 2, 0, 6, 1, 1, '2016-05-01', 'informacion.programas@utadeo.edu.co'),
(1074, 4, 23, 'Administracion de comercio exterior', '1164', 34, 3, 0, 12, 1, 1, '2016-05-01', 'informacion.programas@utadeo.edu.co'),
(1075, 4, 23, 'Arquitectura', '1166', 37, 3, 4380000, 10, 1, 1, '2016-05-01', 'informacion.programas@utadeo.edu.co'),
(1076, 4, 23, 'Comunicacion social y periodismo', '2618', 30, 3, 4380000, 8, 1, 1, '2016-05-01', 'informacion.programas@utadeo.edu.co'),
(1077, 4, 23, 'Administracion de empresas', '9007', 34, 3, 0, 0, 1, 1, '2016-05-01', 'informacion.programas@utadeo.edu.co'),
(1078, 4, 23, 'Especializacion en administracion ambiental de zonas costeras', '9802', 37, 4, 0, 2, 1, 1, '2016-05-01', 'informacion.programas@utadeo.edu.co'),
(1079, 4, 23, 'Especializacion en urbanismo', '9807', 37, 4, 0, 2, 1, 1, '2016-05-01', 'informacion.programas@utadeo.edu.co'),
(1080, 4, 23, 'Especializacion en gerencia de negocios internacionales', '10003', 34, 4, 0, 2, 1, 1, '2016-05-01', 'informacion.programas@utadeo.edu.co'),
(1081, 4, 23, 'Publicidad', '10767', 8, 3, 4380000, 8, 1, 1, '2016-05-01', 'informacion.programas@utadeo.edu.co'),
(1082, 4, 23, 'Especializacion en traduccion ingles/espanol', '11340', 27, 4, 0, 2, 1, 1, '2016-05-01', 'informacion.programas@utadeo.edu.co'),
(1083, 4, 23, 'Especializacion en conservacion y restauracion del patrimonio arquitectonico', '13161', 37, 4, 0, 2, 1, 1, '2016-05-01', 'informacion.programas@utadeo.edu.co'),
(1084, 4, 23, 'Especializacion en gerencia financiera', '13164', 34, 4, 0, 3, 1, 1, '2016-05-01', 'informacion.programas@utadeo.edu.co'),
(1085, 4, 23, 'Tecnologia en acuicultura', '13229', 2, 2, 0, 6, 1, 1, '2016-05-01', 'informacion.programas@utadeo.edu.co'),
(1086, 4, 23, 'Tecnologia en produccion de radio y television', '14877', 30, 2, 2390000, 6, 1, 1, '2016-05-01', 'informacion.programas@utadeo.edu.co'),
(1087, 4, 23, 'Tecnologia en realizacion de audiovisuales y multimedia', '14878', 4, 2, 0, 6, 1, 1, '2016-05-01', 'informacion.programas@utadeo.edu.co'),
(1088, 4, 23, 'Especializacion en gerencia de mercadeo', '15590', 34, 4, 0, 2, 1, 1, '2016-05-01', 'informacion.programas@utadeo.edu.co'),
(1089, 4, 23, 'Especializacion en gerencia de turismo', '15591', 34, 4, 0, 2, 1, 1, '2016-05-01', 'informacion.programas@utadeo.edu.co'),
(1090, 4, 23, 'Administracion de empresas turisticas', '15695', 34, 3, 0, 11, 1, 1, '2016-05-01', 'informacion.programas@utadeo.edu.co'),
(1091, 4, 23, 'Publicidad', '16259', 8, 3, 0, 8, 1, 1, '2016-05-01', 'informacion.programas@utadeo.edu.co'),
(1092, 4, 23, 'Especializacion en comunicacion para el desarrollo', '17665', 30, 4, 0, 2, 1, 1, '2016-05-01', 'informacion.programas@utadeo.edu.co'),
(1093, 4, 23, 'Mercadeo', '52307', 34, 3, 0, 8, 1, 1, '2016-05-01', 'informacion.programas@utadeo.edu.co'),
(1094, 4, 23, 'Relaciones internacionales', '52312', 33, 3, 0, 10, 1, 1, '2016-05-01', 'informacion.programas@utadeo.edu.co'),
(1095, 4, 23, 'Comercio internacional', '52357', 36, 3, 0, 9, 1, 1, '2016-05-01', 'informacion.programas@utadeo.edu.co'),
(1096, 4, 23, 'Publicidad', '52519', 8, 3, 0, 8, 1, 1, '2016-05-01', 'informacion.programas@utadeo.edu.co'),
(1097, 5, 25, 'ARTES PLASTICAS', '522', 4, 3, 0, 10, 1, 1, '2016-05-01', 'admisiones@mail.uniatlantico.edu.co'),
(1098, 5, 25, 'LICENCIATURA EN MUSICA', '523', 12, 3, 0, 9, 1, 1, '2016-05-01', 'admisiones@mail.uniatlantico.edu.co'),
(1099, 5, 25, 'LICENCIATURA EN EDUCACION BASICA PRIMARIA', '524', 12, 3, 0, 9, 1, 1, '2016-05-01', 'admisiones@mail.uniatlantico.edu.co'),
(1100, 5, 25, 'LICENCIATURA EN LENGUAS MODERNAS ESPANOL FRANCES', '526', 12, 3, 0, 8, 1, 1, '2016-05-01', 'admisiones@mail.uniatlantico.edu.co'),
(1101, 5, 25, 'LICENCIATURA EN LENGUAS MODERNAS ESPANOL INGLES', '527', 12, 3, 0, 8, 1, 1, '2016-05-01', 'admisiones@mail.uniatlantico.edu.co'),
(1102, 5, 25, 'LICENCIATURA EN MATEMATICAS Y FISICA', '528', 12, 3, 0, 10, 1, 1, '2016-05-01', 'admisiones@mail.uniatlantico.edu.co'),
(1103, 5, 25, 'LICENCIATURA EN BIOLOGIA Y QUIMICA', '529', 12, 3, 0, 8, 1, 1, '2016-05-01', 'admisiones@mail.uniatlantico.edu.co'),
(1104, 5, 25, 'NUTRICION Y DIETETICA', '530', 17, 3, 0, 10, 1, 1, '2016-05-01', 'admisiones@mail.uniatlantico.edu.co'),
(1105, 5, 25, 'DERECHO', '531', 32, 3, 0, 10, 1, 1, '2016-05-01', 'admisiones@mail.uniatlantico.edu.co'),
(1106, 5, 25, 'ECONOMIA', '532', 36, 3, 0, 9, 1, 1, '2016-05-01', 'admisiones@mail.uniatlantico.edu.co'),
(1107, 5, 25, 'INGENIERIA INDUSTRIAL', '535', 43, 3, 0, 10, 1, 1, '2016-05-01', 'admisiones@mail.uniatlantico.edu.co'),
(1108, 5, 25, 'INGENIERIA MECANICA', '536', 42, 3, 0, 10, 1, 1, '2016-05-01', 'admisiones@mail.uniatlantico.edu.co'),
(1109, 5, 25, 'INGENIERIA QUIMICA', '537', 41, 3, 0, 10, 1, 1, '2016-05-01', 'admisiones@mail.uniatlantico.edu.co'),
(1110, 5, 25, 'ARQUITECTURA', '538', 37, 3, 0, 10, 1, 1, '2016-05-01', 'admisiones@mail.uniatlantico.edu.co'),
(1111, 5, 25, 'BIOLOGIA', '539', 53, 3, 0, 10, 1, 1, '2016-05-01', 'admisiones@mail.uniatlantico.edu.co'),
(1112, 5, 25, 'QUIMICA Y FARMACIA', '540', 56, 3, 0, 10, 1, 1, '2016-05-01', 'admisiones@mail.uniatlantico.edu.co'),
(1113, 5, 25, 'ESPECIALIZACION EN LA ENSENANZA DE LAS CIENCIAS NATURALES', '813', 12, 4, 0, 3, 1, 1, '2016-05-01', 'admisiones@mail.uniatlantico.edu.co'),
(1114, 5, 25, 'LICENCIATURA EN EDUCACION BASICA CON ENFASIS EN EDUCACION FISICA RECREACION Y DEPORTES', '5184', 12, 3, 0, 10, 1, 1, '2016-05-01', 'admisiones@mail.uniatlantico.edu.co'),
(1115, 5, 25, 'LICENCIATURA EN EDUCACION ARTISTICA', '5185', 12, 3, 0, 8, 1, 1, '2016-05-01', 'admisiones@mail.uniatlantico.edu.co'),
(1116, 5, 25, 'LICENCIATURA EN ESPANOL Y LITERATURA', '5186', 12, 3, 0, 8, 1, 1, '2016-05-01', 'admisiones@mail.uniatlantico.edu.co'),
(1117, 5, 25, 'LICENCIATURA EN EDUCACION BASICA CON ENFASIS EN CIENCIAS SOCIALES', '5188', 12, 3, 0, 10, 1, 1, '2016-05-01', 'admisiones@mail.uniatlantico.edu.co'),
(1118, 5, 25, 'LICENCIATURA EN ENSENANZA DE LAS TECNOLOGIAS', '5189', 12, 3, 0, 8, 1, 1, '2016-05-01', 'admisiones@mail.uniatlantico.edu.co'),
(1119, 5, 25, 'LICENCIATURA EN EDUCACION PREESCOLAR', '5190', 12, 3, 0, 8, 1, 1, '2016-05-01', 'admisiones@mail.uniatlantico.edu.co'),
(1120, 5, 25, 'LICENCIATURA EN EDUCACION BASICA CON ENFASIS EN CIENCIAS NATURALES Y EDUCACION AMBIENTAL', '5191', 12, 3, 0, 10, 1, 1, '2016-05-01', 'admisiones@mail.uniatlantico.edu.co'),
(1121, 5, 25, 'LICENCIATURA EN INGLES', '5192', 12, 3, 0, 8, 1, 1, '2016-05-01', 'admisiones@mail.uniatlantico.edu.co'),
(1122, 5, 25, 'LICENCIATURA EN EDUCACION BASICA CON ENFASIS EN MATEMATICAS', '5193', 12, 3, 0, 10, 1, 1, '2016-05-01', 'admisiones@mail.uniatlantico.edu.co'),
(1123, 5, 25, 'LICENCIATURA EN EDUCACION POPULAR Y DE ADULTOS', '5194', 12, 3, 0, 8, 1, 1, '2016-05-01', 'admisiones@mail.uniatlantico.edu.co'),
(1124, 5, 25, 'LICENCIATURA EN ADMINISTRACION Y LEGISLACION EDUCATIVA', '5195', 34, 3, 0, 8, 1, 1, '2016-05-01', 'admisiones@mail.uniatlantico.edu.co'),
(1125, 5, 25, 'ESPECIALIZACION EN LITERATURA DEL CARIBE COLOMBIANO', '6677', 27, 4, 0, 3, 1, 1, '2016-05-01', 'admisiones@mail.uniatlantico.edu.co'),
(1126, 5, 25, 'DOCTORADO EN CIENCIAS DE LA EDUCACION', '7170', 12, 6, 0, 3, 1, 1, '2016-05-01', 'admisiones@mail.uniatlantico.edu.co'),
(1127, 5, 25, 'ESPECIALIZACION EN FILOSOFIA DE LA EDUCACION', '7184', 25, 4, 0, 3, 1, 1, '2016-05-01', 'admisiones@mail.uniatlantico.edu.co'),
(1128, 5, 25, 'ESPECIALIZACION EN ENSENANZA DE LA HISTORIA', '7185', 12, 4, 0, 3, 1, 1, '2016-05-01', 'admisiones@mail.uniatlantico.edu.co'),
(1129, 5, 25, 'ESPECIALIZACION EN GESTION Y PLANIFICACION DEL DESARROLLO TERRITORIAL', '9311', 34, 4, 0, 3, 1, 1, '2016-05-01', 'admisiones@mail.uniatlantico.edu.co'),
(1130, 5, 25, 'ESPECIALIZACION EN FINANZAS TERRITORIALES', '9313', 34, 4, 0, 2, 1, 1, '2016-05-01', 'admisiones@mail.uniatlantico.edu.co'),
(1131, 5, 25, 'ESPECIALIZACION EN NUTRICION CLINICA', '9556', 17, 4, 0, 3, 1, 1, '2016-05-01', 'admisiones@mail.uniatlantico.edu.co'),
(1132, 5, 25, 'SOCIOLOGIA', '9686', 24, 3, 0, 9, 1, 1, '2016-05-01', 'admisiones@mail.uniatlantico.edu.co'),
(1133, 5, 25, 'HISTORIA', '9691', 23, 3, 0, 8, 1, 1, '2016-05-01', 'admisiones@mail.uniatlantico.edu.co'),
(1134, 5, 25, 'FILOSOFIA', '9693', 25, 3, 0, 8, 1, 1, '2016-05-01', 'admisiones@mail.uniatlantico.edu.co'),
(1135, 5, 25, 'ESPECIALIZACION EN QUIMICA ORGANICA', '9714', 56, 4, 0, 2, 1, 1, '2016-05-01', 'admisiones@mail.uniatlantico.edu.co'),
(1136, 5, 25, 'ARTE DRAMATICO', '9897', 7, 3, 0, 10, 1, 1, '2016-05-01', 'admisiones@mail.uniatlantico.edu.co'),
(1137, 5, 25, 'MEDICINA', '10060', 20, 3, 0, 12, 1, 1, '2016-05-01', 'admisiones@mail.uniatlantico.edu.co'),
(1138, 5, 25, 'QUIMICA', '10223', 56, 3, 0, 10, 1, 1, '2016-05-01', 'admisiones@mail.uniatlantico.edu.co'),
(1139, 5, 25, 'ESPECIALIZACION GENERO PLANIFICACION Y DESARROLLO', '10256', 24, 4, 0, 3, 1, 1, '2016-05-01', 'admisiones@mail.uniatlantico.edu.co'),
(1140, 5, 25, 'ESPECIALIZACION EN INGENIERIA Y GESTION DE LA CALIDAD', '10297', 34, 4, 0, 2, 1, 1, '2016-05-01', 'admisiones@mail.uniatlantico.edu.co'),
(1141, 5, 25, 'MATEMATICAS', '10522', 57, 3, 0, 10, 1, 1, '2016-05-01', 'admisiones@mail.uniatlantico.edu.co'),
(1142, 5, 25, 'ESPECIALIZACION EN INGENIERIA DE PROCESOS', '10570', 43, 4, 0, 3, 1, 1, '2016-05-01', 'admisiones@mail.uniatlantico.edu.co'),
(1143, 5, 25, 'FISICA', '10614', 54, 3, 0, 10, 1, 1, '2016-05-01', 'admisiones@mail.uniatlantico.edu.co'),
(1144, 5, 25, 'ESPECIALIZACION EN GESTION EFICIENTE DE ENERGIA', '10663', 34, 4, 0, 2, 1, 1, '2016-05-01', 'admisiones@mail.uniatlantico.edu.co'),
(1145, 5, 25, 'ESPECIALIZACION EN FARMACIA CLINICA', '10925', 56, 4, 0, 2, 1, 1, '2016-05-01', 'admisiones@mail.uniatlantico.edu.co'),
(1146, 5, 25, 'LICENCIATURA EN EDUCACION ESPECIAL', '11755', 12, 3, 0, 8, 1, 1, '2016-05-01', 'admisiones@mail.uniatlantico.edu.co'),
(1147, 5, 25, 'LICENCIATURA EN EDUCACION BASICA CON ENFASIS EN EDUCACION FISICA RECREACION Y DEPORTES', '11756', 12, 3, 0, 10, 1, 1, '2016-05-01', 'admisiones@mail.uniatlantico.edu.co'),
(1148, 5, 25, 'LICENCIATURA EN EDUCACION PARA ADULTOS', '11757', 12, 3, 0, 10, 1, 1, '2016-05-01', 'admisiones@mail.uniatlantico.edu.co'),
(1149, 5, 25, 'LICENCIATURA EN EDUCACION BASICA CON ENFASIS EN EDUCACION ARTISTICA', '11758', 12, 3, 0, 8, 1, 1, '2016-05-01', 'admisiones@mail.uniatlantico.edu.co'),
(1150, 5, 25, 'LICENCIATURA EN EDUCACION BASICA CON ENFASIS EN CIENCIAS NATURALES Y EDUCACION AMBIENTAL', '11759', 12, 3, 0, 8, 1, 1, '2016-05-01', 'admisiones@mail.uniatlantico.edu.co'),
(1151, 5, 25, 'LICENCIATURA EN EDUCACION BASICA CON ENFASIS EN IDIOMAS EXTRANJEROS', '11760', 12, 3, 0, 10, 1, 1, '2016-05-01', 'admisiones@mail.uniatlantico.edu.co'),
(1152, 5, 25, 'LICENCIATURA EN EDUCACION BASICA CON ENFASIS EN MATEMATICAS', '11761', 12, 3, 0, 8, 1, 1, '2016-05-01', 'admisiones@mail.uniatlantico.edu.co'),
(1153, 5, 25, 'LICENCIATURA EN EDUCACION BASICA CON ENFASIS EN HUMANIDADES Y LENGUA CASTELLANA', '11939', 12, 3, 0, 10, 1, 1, '2016-05-01', 'admisiones@mail.uniatlantico.edu.co'),
(1154, 5, 25, 'LICENCIATURA EN PREESCOLAR', '11943', 12, 3, 0, 8, 1, 1, '2016-05-01', 'admisiones@mail.uniatlantico.edu.co'),
(1155, 5, 25, 'LICENCIATURA EN EDUCACION BASICA CON ENFASIS EN HUMANIDADES Y LENGUA CASTELLANA', '11944', 12, 3, 0, 8, 1, 1, '2016-05-01', 'admisiones@mail.uniatlantico.edu.co'),
(1156, 5, 25, 'CONTADURIA PUBLICA', '15533', 35, 3, 0, 11, 1, 1, '2016-05-01', 'admisiones@mail.uniatlantico.edu.co'),
(1157, 5, 25, 'ADMINISTRACION DE EMPRESAS', '15534', 34, 3, 0, 10, 1, 1, '2016-05-01', 'admisiones@mail.uniatlantico.edu.co'),
(1158, 5, 25, 'ESPECIALIZACION EN FISICA GENERAL', '17663', 54, 4, 0, 3, 1, 1, '2016-05-01', 'admisiones@mail.uniatlantico.edu.co'),
(1159, 5, 25, 'ESPECIALIZACION EN GERENCIA Y ADMINISTRACION CULTURAL', '19100', 34, 4, 0, 2, 1, 1, '2016-05-01', 'admisiones@mail.uniatlantico.edu.co'),
(1160, 5, 25, 'ESPECIALIZACION EN EDUCACION ARTISTICA', '19818', 12, 4, 0, 2, 1, 1, '2016-05-01', 'admisiones@mail.uniatlantico.edu.co'),
(1161, 5, 25, 'INGENIERIA AGROINDUSTRIAL', '20543', 48, 3, 0, 10, 1, 1, '2016-05-01', 'admisiones@mail.uniatlantico.edu.co'),
(1162, 5, 25, 'MAESTRIA EN CIENCIAS FISICAS', '52042', 54, 5, 0, 4, 1, 1, '2016-05-01', 'admisiones@mail.uniatlantico.edu.co'),
(1163, 5, 25, 'MAESTRIA EN CIENCIAS AMBIENTALES', '52444', 53, 5, 0, 4, 1, 1, '2016-05-01', 'admisiones@mail.uniatlantico.edu.co'),
(1164, 5, 25, 'MAESTRIA EN CIENCIAS  FISICA', '52449', 54, 5, 0, 4, 1, 1, '2016-05-01', 'admisiones@mail.uniatlantico.edu.co'),
(1165, 5, 25, 'MAESTRIA EN EDUCACION', '52455', 53, 5, 0, 4, 1, 1, '2016-05-01', 'admisiones@mail.uniatlantico.edu.co'),
(1166, 5, 25, 'ESPECIALIZACION EN ENSENANZA DE LAS CIENCIAS NATURALES CON ENFASIS EN EDUCACION AMBIENTAL', '52895', 12, 4, 0, 2, 1, 1, '2016-05-01', 'admisiones@mail.uniatlantico.edu.co'),
(1167, 5, 25, 'ESPECIALIZACION EN ARTE Y COMUNICACION', '53044', 4, 4, 0, 2, 1, 1, '2016-05-01', 'admisiones@mail.uniatlantico.edu.co'),
(1168, 5, 25, 'DOCTORADO EN CIENCIAS DE LA EDUCACION', '53490', 12, 6, 0, 3, 1, 1, '2016-05-01', 'admisiones@mail.uniatlantico.edu.co'),
(1169, 5, 25, 'TECNOLOGIA EN GESTION TURISTICA', '54491', 34, 2, 0, 3, 1, 1, '2016-05-01', 'admisiones@mail.uniatlantico.edu.co'),
(1170, 5, 25, 'TECNICA PROFESIONAL EN OPERACION TURISTICA', '54492', 34, 1, 0, 4, 1, 1, '2016-05-01', 'admisiones@mail.uniatlantico.edu.co'),
(1171, 5, 25, 'DOCTORADO EN MEDICINA TROPICAL', '54682', 20, 6, 0, 8, 1, 1, '2016-05-01', 'admisiones@mail.uniatlantico.edu.co'),
(1172, 5, 25, 'DOCTORADO EN MEDICINA TROPICAL', '54838', 20, 6, 0, 8, 1, 1, '2016-05-01', 'admisiones@mail.uniatlantico.edu.co'),
(1173, 5, 25, 'MAESTRIA EN BIOLOGIA', '54887', 53, 5, 0, 4, 1, 1, '2016-05-01', 'admisiones@mail.uniatlantico.edu.co'),
(1174, 5, 25, 'ESPECIALIZACION EN GESTION DE LA CALIDAD', '55172', 34, 4, 0, 2, 1, 1, '2016-05-01', 'admisiones@mail.uniatlantico.edu.co'),
(1175, 5, 25, 'ESPECIALIZACION EN ESTADISTICA APLICADA', '90324', 57, 4, 0, 2, 1, 1, '2016-05-01', 'admisiones@mail.uniatlantico.edu.co'),
(1176, 5, 25, 'MAESTRIA EN CIENCIAS MATEMATICAS', '90853', 57, 5, 0, 4, 1, 1, '2016-05-01', 'admisiones@mail.uniatlantico.edu.co'),
(1177, 5, 25, 'MAESTRIA EN LINGUISTICA', '90854', 27, 5, 0, 4, 1, 1, '2016-05-01', 'admisiones@mail.uniatlantico.edu.co'),
(1178, 5, 25, 'MAESTRIA EN LITERATURA HISPANOAMERICANA Y DEL CARIBE', '90995', 27, 5, 0, 4, 1, 1, '2016-05-01', 'admisiones@mail.uniatlantico.edu.co'),
(1179, 5, 25, 'ESPECIALIZACION EN DIDACTICA DE LAS MATEMATICAS', '91009', 12, 4, 0, 2, 1, 1, '2016-05-01', 'admisiones@mail.uniatlantico.edu.co'),
(1180, 5, 25, 'DOCTORADO EN CIENCIAS FISICAS', '91050', 54, 6, 0, 8, 1, 1, '2016-05-01', 'admisiones@mail.uniatlantico.edu.co'),
(1181, 5, 25, 'LICENCIATURA EN EDUCACION ARTISTICA', '91322', 12, 3, 0, 8, 1, 1, '2016-05-01', 'admisiones@mail.uniatlantico.edu.co'),
(1182, 5, 25, 'FARMACIA', '91329', 53, 3, 0, 10, 1, 1, '2016-05-01', 'admisiones@mail.uniatlantico.edu.co'),
(1183, 5, 25, 'LICENCIATURA EN CIENCIAS SOCIALES', '91429', 12, 3, 0, 8, 1, 1, '2016-05-01', 'admisiones@mail.uniatlantico.edu.co'),
(1184, 5, 25, 'LICENCIATURA EN CULTURA FISICA RECREACION Y DEPORTES', '91482', 12, 3, 0, 10, 1, 1, '2016-05-01', 'admisiones@mail.uniatlantico.edu.co'),
(1185, 5, 25, 'LICENCIATURA EN EDUCACION INFANTIL', '91483', 12, 3, 0, 8, 1, 1, '2016-05-01', 'admisiones@mail.uniatlantico.edu.co'),
(1186, 5, 25, 'LICENCIATURA EN ESPANOL Y LITERATURA', '91484', 12, 3, 0, 8, 1, 1, '2016-05-01', 'admisiones@mail.uniatlantico.edu.co'),
(1187, 5, 25, 'LICENCIATURA EN BIOLOGIA Y QUIMICA', '91485', 12, 3, 0, 8, 1, 1, '2016-05-01', 'admisiones@mail.uniatlantico.edu.co'),
(1188, 5, 25, 'LICENCIATURA EN MATEMATICAS', '91486', 12, 3, 0, 8, 1, 1, '2016-05-01', 'admisiones@mail.uniatlantico.edu.co'),
(1189, 5, 25, 'LICENCIATURA EN IDIOMAS EXTRANJEROS', '91487', 12, 3, 0, 10, 1, 1, '2016-05-01', 'admisiones@mail.uniatlantico.edu.co'),
(1190, 5, 25, 'DANZA', '102110', 5, 3, 0, 8, 1, 1, '2016-05-01', 'admisiones@mail.uniatlantico.edu.co'),
(1191, 5, 25, 'MUSICA', '102761', 6, 3, 0, 10, 1, 1, '2016-05-01', 'admisiones@mail.uniatlantico.edu.co'),
(1192, 5, 27, 'ESPECIALIZACION EN DERECHO LABORAL Y SEGURIDAD SOCIAL', '102968', 32, 4, 0, 2, 1, 1, '2016-05-01', 'admisiones@mail.uniatlantico.edu.co'),
(1193, 5, 27, 'MAESTRIA EN SEGURIDAD ALIMENTARIA Y NUTRICIONAL', '103284', 17, 5, 0, 4, 1, 1, '2016-05-01', 'admisiones@mail.uniatlantico.edu.co'),
(1194, 5, 25, 'ADMINISTRACION DE EMPRESAS TURISTICAS', '104071', 34, 3, 0, 10, 1, 1, '2016-05-01', 'admisiones@mail.uniatlantico.edu.co'),
(1195, 5, 27, 'MAESTRIA EN ESTUDIOS DE GENERO Y VIOLENCIA INTRAFAMILIAR', '104083', 58, 5, 0, 4, 1, 1, '2016-05-01', 'admisiones@mail.uniatlantico.edu.co'),
(1196, 5, 27, 'ESPECIALIZACION EN PLANTAS MEDICINALES', '104088', 58, 4, 0, 2, 1, 1, '2016-05-01', 'admisiones@mail.uniatlantico.edu.co'),
(1197, 5, 27, 'ESPECIALIZACION TECNOLOGICA EN GESTION DE CONSTRUCCIONES LIMPIAS Y SOSTENIBLES', '104099', 37, 2, 0, 2, 1, 1, '2016-05-01', 'admisiones@mail.uniatlantico.edu.co'),
(1198, 5, 27, 'MAESTRIA EN GESTION ENERGETICA', '104106', 42, 5, 0, 4, 1, 1, '2016-05-01', 'admisiones@mail.uniatlantico.edu.co'),
(1199, 5, 27, 'TECNOLOGIA EN ACUICULTURA CONTINENTAL', '104154', 53, 2, 0, 6, 1, 1, '2016-05-01', 'admisiones@mail.uniatlantico.edu.co'),
(1200, 5, 27, 'TECNICA PROFESIONAL EN PISCICULTURA CONTINENTAL', '104157', 58, 1, 0, 4, 1, 1, '2016-05-01', 'admisiones@mail.uniatlantico.edu.co'),
(1201, 5, 27, 'ESPECIALIZACION TECNOLOGICA EN LOGISTICA DE DISTRIBUCION DE PRODUCTOS AGROINDUSTRIALES', '104183', 43, 2, 0, 2, 1, 1, '2016-05-01', 'admisiones@mail.uniatlantico.edu.co'),
(1202, 5, 27, 'TECNICA PROFESIONAL EN EXPRESION GRAFICA ARQUITECTONICA', '104340', 37, 1, 0, 4, 1, 1, '2016-05-01', 'admisiones@mail.uniatlantico.edu.co'),
(1203, 5, 25, 'TECNOLOGIA EN MODELADO DIGITAL ARQUITECTONICO', '104359', 37, 2, 0, 6, 1, 1, '2016-05-01', 'admisiones@mail.uniatlantico.edu.co'),
(1204, 5, 25, 'TECNOLOGIA EN GESTION DE LA CONSTRUCCION DE PROYECTOS ARQUITECTONICOS', '104441', 37, 2, 0, 6, 1, 1, '2016-05-01', 'admisiones@mail.uniatlantico.edu.co'),
(1205, 5, 27, 'ESPECIALIZACION EN CONTRATACION E INTERVENTORIA DE SERVICIOS ALIMENTARIOS A COLECTIVIDADES', '104442', 58, 4, 0, 2, 1, 1, '2016-05-01', 'admisiones@mail.uniatlantico.edu.co'),
(1206, 5, 25, 'TECNICA PROFESIONAL EN CONSTRUCCION DE PROYECTOS ARQUITECTONICOS', '104489', 37, 1, 0, 4, 1, 1, '2016-05-01', 'admisiones@mail.uniatlantico.edu.co'),
(1207, 5, 27, 'ESPECIALIZACION TECNOLOGICA EN CALIDAD DE LA PRODUCCION DE ALIMENTOS', '104490', 17, 2, 0, 2, 1, 1, '2016-05-01', 'admisiones@mail.uniatlantico.edu.co'),
(1208, 5, 27, 'MAESTRIA EN DIDACTICA DE LAS MATEMATICAS', '104493', 58, 5, 0, 4, 3, 1, '2016-05-01', 'admisiones@mail.uniatlantico.edu.co'),
(1209, 5, 27, 'TECNOLOGIA DE TRANSFORMACION DE PRODUCTOS AGROPECUARIOS', '104514', 48, 2, 0, 6, 1, 1, '2016-05-01', 'admisiones@mail.uniatlantico.edu.co'),
(1210, 5, 27, 'TECNICA PROFESIONAL EN BIOTRANSFORMACION  DE RESIDUOS ORGANICOS', '104623', 48, 1, 0, 4, 1, 1, '2016-05-01', 'admisiones@mail.uniatlantico.edu.co'),
(1211, 5, 27, 'TECNICA PROFESIONAL EN DOCUMENTACION DE PROYECTOS URBANASTICOS', '104715', 37, 1, 0, 4, 1, 1, '2016-05-01', 'admisiones@mail.uniatlantico.edu.co'),
(1212, 5, 27, 'ESPECIALIZACION TECNOLOGICA EN PROYECTOS PAISAJISTICOS COMUNITARIOS A ESCALA BARRIAL', '104719', 37, 2, 0, 2, 1, 1, '2016-05-01', 'admisiones@mail.uniatlantico.edu.co'),
(1213, 5, 27, 'TECNOLOGIA EN GESTION DE PROYECTOS URBANASTICOS', '104764', 37, 2, 0, 6, 1, 1, '2016-05-01', 'admisiones@mail.uniatlantico.edu.co'),
(1214, 5, 25, 'TECNICA PROFESIONAL EN PROCESAMIENTO Y CALIDAD NUTRICIONAL DE ALIMENTOS', '104808', 17, 1, 0, 4, 1, 1, '2016-05-01', 'admisiones@mail.uniatlantico.edu.co'),
(1215, 5, 25, 'TECNOLOGIA  EN SEGURIDAD ALIMENTARIA Y  NUTRICIONAL', '104840', 17, 2, 0, 6, 1, 1, '2016-05-01', 'admisiones@mail.uniatlantico.edu.co'),
(1216, 5, 27, 'ESPECIALIZACION EN M¿TODOS NUMERICOS APLICADOS', '105063', 58, 4, 0, 2, 1, 1, '2016-05-01', 'admisiones@mail.uniatlantico.edu.co'),
(1217, 5, 27, 'MAESTRIA EN NEUROPEDAGOGIA', '105172', 12, 5, 0, 4, 1, 1, '2016-05-01', 'admisiones@mail.uniatlantico.edu.co'),
(1218, 5, 27, 'MAESTRIA EN HISTORIA', '105173', 23, 5, 0, 4, 1, 1, '2016-05-01', 'admisiones@mail.uniatlantico.edu.co'),
(1219, 5, 25, 'LICENCIATURA EN EDUCACION PARA PERSONAS CON LIMITACIONES O CAPACIDADES EXCEPCIONALES', '105213', 12, 3, 0, 8, 1, 1, '2016-05-01', 'admisiones@mail.uniatlantico.edu.co'),
(1220, 6, 28, 'AGRONOMIA', '280', 1, 3, 0, 10, 1, 1, '2016-05-01', 'ucaldas@ucaldas.edu.co'),
(1221, 6, 28, 'MEDICINA VETERINARIA Y ZOOTECNIA', '281', 3, 3, 0, 10, 1, 1, '2016-05-01', 'ucaldas@ucaldas.edu.co'),
(1222, 6, 28, 'ARTES PLASTICAS', '282', 4, 3, 0, 10, 1, 1, '2016-05-01', 'ucaldas@ucaldas.edu.co'),
(1223, 6, 28, 'DISEÑO VISUAL', '283', 9, 3, 0, 10, 1, 1, '2016-05-01', 'ucaldas@ucaldas.edu.co'),
(1224, 6, 28, 'LICENCIATURA EN MUSICA', '284', 12, 3, 0, 10, 1, 1, '2016-05-01', 'ucaldas@ucaldas.edu.co'),
(1225, 6, 28, 'LICENCIATURA EN EDUCACION FISICA Y RECREACION', '285', 12, 3, 0, 8, 1, 1, '2016-05-01', 'ucaldas@ucaldas.edu.co'),
(1226, 6, 28, 'LICENCIATURA EN CIENCIAS SOCIALES', '287', 12, 3, 0, 8, 4, 1, '2016-05-01', 'ucaldas@ucaldas.edu.co'),
(1227, 6, 28, 'LICENCIATURA EN LENGUAS MODERNAS', '288', 12, 3, 0, 9, 1, 1, '2016-05-01', 'ucaldas@ucaldas.edu.co'),
(1228, 6, 28, 'LICENCIATURA EN BIOLOGIA Y QUIMICA', '289', 12, 3, 0, 10, 1, 1, '2016-05-01', 'ucaldas@ucaldas.edu.co'),
(1229, 6, 28, 'ENFERMERIA', '290', 18, 3, 0, 10, 1, 1, '2016-05-01', 'ucaldas@ucaldas.edu.co'),
(1230, 6, 28, 'MEDICINA', '291', 20, 3, 0, 13, 1, 1, '2016-05-01', 'ucaldas@ucaldas.edu.co'),
(1231, 6, 28, 'TRABAJO SOCIAL', '292', 24, 3, 0, 10, 1, 1, '2016-05-01', 'ucaldas@ucaldas.edu.co'),
(1232, 6, 28, 'DESARROLLO FAMILIAR', '293', 24, 3, 0, 10, 1, 1, '2016-05-01', 'ucaldas@ucaldas.edu.co'),
(1233, 6, 28, 'DERECHO', '294', 32, 3, 0, 10, 1, 1, '2016-05-01', 'ucaldas@ucaldas.edu.co'),
(1234, 6, 28, 'FILOSOFIA Y LETRAS', '295', 25, 3, 0, 10, 1, 1, '2016-05-01', 'ucaldas@ucaldas.edu.co'),
(1235, 6, 28, 'GEOLOGIA', '296', 55, 3, 0, 10, 1, 1, '2016-05-01', 'ucaldas@ucaldas.edu.co'),
(1236, 6, 28, 'ESPECIALIZACION EN ANESTESIOLOGIA', '297', 20, 4, 0, 6, 1, 1, '2016-05-01', 'ucaldas@ucaldas.edu.co'),
(1237, 6, 28, 'ESPECIALIZACION EN CIRUGIA GENERAL', '298', 20, 4, 0, 8, 1, 1, '2016-05-01', 'ucaldas@ucaldas.edu.co'),
(1238, 6, 28, 'ESPECIALIZACION EN CIRUGIA PEDIATRICA', '299', 20, 4, 0, 5, 1, 1, '2016-05-01', 'ucaldas@ucaldas.edu.co'),
(1239, 6, 28, 'ESPECIALIZACION EN DERMATOLOGIA', '300', 20, 4, 0, 3, 1, 1, '2016-05-01', 'ucaldas@ucaldas.edu.co'),
(1240, 6, 28, 'ESPECIALIZACION EN GASTROENTEROLOGIA', '301', 20, 4, 0, 4, 1, 1, '2016-05-01', 'ucaldas@ucaldas.edu.co'),
(1241, 6, 28, 'ESPECIALIZACION EN OBSTETRICIA Y GINECOLOGIA', '302', 58, 4, 0, 3, 1, 1, '2016-05-01', 'ucaldas@ucaldas.edu.co'),
(1242, 6, 28, 'ESPECIALIZACION EN MEDICINA INTERNA', '303', 20, 4, 0, 3, 1, 1, '2016-05-01', 'ucaldas@ucaldas.edu.co'),
(1243, 6, 28, 'ESPECIALIZACION EN PATOLOGIA', '304', 20, 4, 0, 3, 1, 1, '2016-05-01', 'ucaldas@ucaldas.edu.co'),
(1244, 6, 28, 'ESPECIALIZACION EN PEDIATRIA', '305', 20, 4, 0, 3, 1, 1, '2016-05-01', 'ucaldas@ucaldas.edu.co'),
(1245, 6, 28, 'ESPECIALIZACION EN PSIQUIATRIA', '306', 20, 4, 0, 3, 1, 1, '2016-05-01', 'ucaldas@ucaldas.edu.co'),
(1246, 6, 28, 'ESPECIALIZACION EN CIRUGIA PLASTICA MAXILOFACIAL Y DE LA MANO', '307', 20, 4, 0, 8, 1, 1, '2016-05-01', 'ucaldas@ucaldas.edu.co'),
(1247, 6, 28, 'ESPECIALIZACION EN MEDICINA INTERNA - GERIATRIA', '308', 20, 4, 0, 4, 1, 1, '2016-05-01', 'ucaldas@ucaldas.edu.co'),
(1248, 6, 28, 'ESPECIALIZACION EN ENFERMERIA GERONTOLOGICA', '309', 18, 4, 0, 3, 1, 1, '2016-05-01', 'ucaldas@ucaldas.edu.co'),
(1249, 6, 28, 'ESPECIALIZACION EN DERECHO ADMINISTRATIVO', '310', 32, 4, 0, 1, 1, 1, '2016-05-01', 'ucaldas@ucaldas.edu.co'),
(1250, 6, 28, 'ESPECIALIZACION EN LEGISLACION COMERCIAL Y FINANCIERA', '311', 32, 4, 0, 2, 1, 1, '2016-05-01', 'ucaldas@ucaldas.edu.co'),
(1251, 6, 28, 'ESPECIALIZACION EN LEGISLACION  DE FAMILIA  Y DEL MENOR', '312', 32, 4, 0, 2, 1, 1, '2016-05-01', 'ucaldas@ucaldas.edu.co'),
(1252, 6, 28, 'ESPECIALIZACION EN ESTUDIOS PENALES', '313', 32, 4, 0, 1, 1, 1, '2016-05-01', 'ucaldas@ucaldas.edu.co'),
(1253, 6, 28, 'ESPECIALIZACION EN GERENCIA AGRARIA', '314', 1, 4, 0, 3, 1, 1, '2016-05-01', 'ucaldas@ucaldas.edu.co'),
(1254, 6, 28, 'ESPECIALIZACION EN ADMINISTRACION Y EVALUACION DE PROYECTOS  AGROPECUARIOS Y AGROINDUSTRIALES', '315', 34, 4, 0, 2, 1, 1, '2016-05-01', 'ucaldas@ucaldas.edu.co'),
(1255, 6, 28, 'MAESTRIA EN FITOPATOLOGIA', '316', 1, 5, 0, 4, 1, 1, '2016-05-01', 'ucaldas@ucaldas.edu.co'),
(1256, 6, 28, 'MAESTRIA EN ESTUDIOS POLITICOS', '317', 33, 5, 0, 4, 1, 1, '2016-05-01', 'ucaldas@ucaldas.edu.co'),
(1257, 6, 28, 'MAESTRIA EN FILOSOFIA Y CIENCIAS JURIDICAS', '318', 25, 5, 0, 4, 1, 1, '2016-05-01', 'ucaldas@ucaldas.edu.co'),
(1258, 6, 28, 'INGENIERIA DE ALIMENTOS', '2971', 48, 3, 0, 10, 1, 1, '2016-05-01', 'ucaldas@ucaldas.edu.co'),
(1259, 6, 28, 'ESPECIALIZACION EN DIDACTICA DEL INGLES', '3176', 12, 4, 0, 3, 1, 1, '2016-05-01', 'ucaldas@ucaldas.edu.co');
INSERT INTO `programas` (`id`, `Universidad`, `Sede`, `Nombre`, `codigo_SNIES`, `nucleo_basico_conocimiento`, `nivel_formacion`, `costos`, `numero_semestres`, `modalidad`, `Jornada`, `fecha_admisiones`, `Correo_contacto`) VALUES
(1260, 6, 28, 'ESPECIALIZACION EN EDUCACION SEXUAL', '3250', 12, 4, 0, 3, 1, 1, '2016-05-01', 'ucaldas@ucaldas.edu.co'),
(1261, 6, 28, 'ESPECIALIZACION EN PROMOCION DE LA SALUD', '3288', 15, 4, 0, 1, 1, 1, '2016-05-01', 'ucaldas@ucaldas.edu.co'),
(1262, 6, 28, 'ESPECIALIZACION EN DIDACTICA DE LA LITERATURA HISPANOAMERICANA', '3821', 12, 4, 0, 3, 1, 1, '2016-05-01', 'ucaldas@ucaldas.edu.co'),
(1263, 6, 28, 'MAESTRIA EN ESTUDIOS DE FAMILIA Y DESARROLLO', '4163', 24, 5, 0, 4, 1, 1, '2016-05-01', 'ucaldas@ucaldas.edu.co'),
(1264, 6, 28, 'ESPECIALIZACION EN LEGISLACION TRIBUTARIA Y DE ADUANAS', '4419', 32, 4, 0, 1, 1, 1, '2016-05-01', 'ucaldas@ucaldas.edu.co'),
(1265, 6, 28, 'MAESTRIA EN FILOSOFIA', '4552', 25, 5, 0, 4, 1, 1, '2016-05-01', 'ucaldas@ucaldas.edu.co'),
(1266, 6, 28, 'MAESTRIA EN AGROECOLOGIA', '4556', 1, 5, 0, 2, 1, 1, '2016-05-01', 'ucaldas@ucaldas.edu.co'),
(1267, 6, 28, 'MAESTRIA EN  DIDACTICA DEL INGLES', '4632', 12, 5, 0, 4, 1, 1, '2016-05-01', 'ucaldas@ucaldas.edu.co'),
(1268, 6, 28, 'ESPECIALIZACION EN ADMINISTRACION GERENCIAL DE LA JUSTICIA', '4660', 34, 4, 0, 1, 1, 1, '2016-05-01', 'ucaldas@ucaldas.edu.co'),
(1269, 6, 28, 'TECNOLOGIA EN ADMINISTRACION JUDICIAL', '5021', 34, 2, 0, 6, 1, 1, '2016-05-01', 'ucaldas@ucaldas.edu.co'),
(1271, 6, 422, 'TECNOLOGIA EN ADMINISTRACION JUDICIAL', '6276', 34, 2, 0, 6, 1, 1, '2016-05-01', 'ucaldas@ucaldas.edu.co'),
(1272, 6, 418, 'TECNOLOGIA EN ADMINISTRACION JUDICIAL', '6277', 34, 2, 0, 6, 1, 1, '2016-05-01', 'ucaldas@ucaldas.edu.co'),
(1275, 6, 421, 'TECNOLOGIA EN ADMINISTRACION JUDICIAL', '6280', 34, 2, 0, 6, 1, 1, '2016-05-01', 'ucaldas@ucaldas.edu.co'),
(1276, 6, 28, 'ESPECIALIZACION EN EDUCACION HISTORIA REGIONAL', '6526', 12, 4, 0, 2, 1, 1, '2016-05-01', 'ucaldas@ucaldas.edu.co'),
(1277, 6, 28, 'LICENCIATURA EN EDUCACION AMBIENTAL', '6652', 12, 3, 0, 8, 1, 1, '2016-05-01', 'ucaldas@ucaldas.edu.co'),
(1278, 6, 28, 'COMUNICACION EN RADIO Y TELEVISION', '6656', 30, 3, 0, 8, 1, 1, '2016-05-01', 'ucaldas@ucaldas.edu.co'),
(1279, 6, 28, 'TECNOLOGIA EN SISTEMAS', '6657', 46, 2, 0, 6, 1, 1, '2016-05-01', 'ucaldas@ucaldas.edu.co'),
(1280, 6, 28, 'ADMINISTRACION DE EMPRESAS AGROPECUARIAS', '6658', 34, 3, 0, 10, 4, 1, '2016-05-01', 'ucaldas@ucaldas.edu.co'),
(1281, 6, 418, 'LICENCIATURA EN EDUCACION AMBIENTAL', '6790', 12, 3, 0, 8, 1, 1, '2016-05-01', 'ucaldas@ucaldas.edu.co'),
(1282, 6, 422, 'LICENCIATURA EN EDUCACION AMBIENTAL', '6791', 12, 3, 0, 8, 1, 1, '2016-05-01', 'ucaldas@ucaldas.edu.co'),
(1283, 6, 417, 'TECNOLOGIA EN SISTEMAS', '6797', 46, 2, 0, 6, 1, 1, '2016-05-01', 'ucaldas@ucaldas.edu.co'),
(1284, 6, 418, 'TECNOLOGIA EN SISTEMAS', '6798', 46, 2, 0, 6, 1, 1, '2016-05-01', 'ucaldas@ucaldas.edu.co'),
(1286, 6, 421, 'TECNOLOGIA EN SISTEMAS', '6800', 46, 2, 0, 6, 1, 1, '2016-05-01', 'ucaldas@ucaldas.edu.co'),
(1287, 6, 422, 'TECNOLOGIA EN SISTEMAS', '6801', 46, 2, 0, 6, 1, 1, '2016-05-01', 'ucaldas@ucaldas.edu.co'),
(1291, 6, 424, 'TECNOLOGIA EN SISTEMAS', '6805', 46, 2, 0, 6, 1, 1, '2016-05-01', 'ucaldas@ucaldas.edu.co'),
(1293, 6, 418, 'LICENCIATURA EN EDUCACION AMBIENTAL', '6815', 12, 3, 0, 8, 1, 1, '2016-05-01', 'ucaldas@ucaldas.edu.co'),
(1294, 6, 422, 'LICENCIATURA EN EDUCACION AMBIENTAL', '6816', 12, 3, 0, 8, 1, 1, '2016-05-01', 'ucaldas@ucaldas.edu.co'),
(1295, 6, 28, 'TECNOLOGIA EN ADMINISTRACION Y FINANZAS', '7175', 34, 2, 0, 6, 1, 1, '2016-05-01', 'ucaldas@ucaldas.edu.co'),
(1296, 6, 28, 'DOCTORADO EN CIENCIAS DE LA EDUCACION', '7176', 12, 6, 0, 6, 1, 1, '2016-05-01', 'ucaldas@ucaldas.edu.co'),
(1297, 6, 28, 'ESPECIALIZACIÓN EN GASTROENTEROLOGÍA CLÍNICO QUIRÚRGICA', '8385', 20, 4, 0, 2, 1, 1, '2016-05-01', 'ucaldas@ucaldas.edu.co'),
(1298, 6, 419, 'ESPECIALIZACION EN EDUCACION SEXUAL', '8822', 12, 4, 0, 3, 1, 1, '2016-05-01', 'ucaldas@ucaldas.edu.co'),
(1300, 6, 28, 'MAESTRIA EN SISTEMAS DE PRODUCCION AGROPECUARIA', '9288', 2, 5, 0, 4, 1, 1, '2016-05-01', 'ucaldas@ucaldas.edu.co'),
(1301, 6, 28, 'ESPECIALIZACION EN ECONOMIA AGRARIA', '9418', 36, 4, 0, 3, 1, 1, '2016-05-01', 'ucaldas@ucaldas.edu.co'),
(1302, 6, 28, 'ESPECIALIZACION EN NEGOCIOS INTERNACIONALES AGROALIMENTARIOS', '9496', 34, 4, 0, 2, 1, 1, '2016-05-01', 'ucaldas@ucaldas.edu.co'),
(1303, 6, 28, 'ESPECIALIZACION EN MATEMATICAS ASISTIDAS POR COMPUTADOR', '9656', 57, 4, 0, 3, 1, 1, '2016-05-01', 'ucaldas@ucaldas.edu.co'),
(1304, 6, 28, 'ESPECIALIZACION EN SISTEMAS DE PRODUCCION BOVINA', '9673', 2, 4, 0, 4, 1, 1, '2016-05-01', 'ucaldas@ucaldas.edu.co'),
(1305, 6, 28, 'SOCIOLOGIA', '9689', 24, 3, 0, 10, 1, 1, '2016-05-01', 'ucaldas@ucaldas.edu.co'),
(1306, 6, 28, 'ESPECIALIZACION EN DESARROLLO RURAL', '9690', 1, 4, 0, 2, 1, 1, '2016-05-01', 'ucaldas@ucaldas.edu.co'),
(1307, 6, 28, 'TECNOLOGIA EN EXPLOTACION Y BENEFICIO DE MINERALES', '10184', 39, 2, 0, 7, 1, 1, '2016-05-01', 'ucaldas@ucaldas.edu.co'),
(1308, 6, 28, 'ESPECIALIZACION EN QUIMICA', '10941', 56, 4, 0, 2, 1, 1, '2016-05-01', 'ucaldas@ucaldas.edu.co'),
(1309, 6, 28, 'COMUNICACION EN RADIO Y TELEVISION', '11035', 30, 3, 0, 10, 1, 1, '2016-05-01', 'ucaldas@ucaldas.edu.co'),
(1310, 6, 28, 'BIOLOGIA', '11203', 53, 3, 0, 10, 1, 1, '2016-05-01', 'ucaldas@ucaldas.edu.co'),
(1311, 6, 28, 'ESPECIALIZACION EN OFTALMOLOGIA', '11219', 20, 4, 0, 3, 1, 1, '2016-05-01', 'ucaldas@ucaldas.edu.co'),
(1312, 6, 28, 'INGENIERIA DE SISTEMAS Y  COMPUTACION', '11268', 46, 3, 0, 10, 1, 1, '2016-05-01', 'ucaldas@ucaldas.edu.co'),
(1313, 6, 28, 'TECNOLOGIA EN REGENCIA DE FARMACIA', '11718', 34, 2, 0, 6, 4, 1, '2016-05-01', 'ucaldas@ucaldas.edu.co'),
(1314, 6, 28, 'ESPECIALIZACION EN GEOGRFIA  ORDENAMIENTO TERRITORIAL Y MANEJO DEL RIESGO NATURAL', '12157', 23, 4, 0, 4, 1, 1, '2016-05-01', 'ucaldas@ucaldas.edu.co'),
(1316, 6, 28, 'COMUNICACION EN RADIO Y TELEVISION', '12345', 30, 3, 0, 8, 1, 1, '2016-05-01', 'ucaldas@ucaldas.edu.co'),
(1317, 6, 418, 'TECNOLOGIA EN ADMINISTRACION JUDICIAL', '12351', 34, 2, 0, 6, 1, 1, '2016-05-01', 'ucaldas@ucaldas.edu.co'),
(1319, 6, 421, 'TECNOLOGIA EN ADMINISTRACION JUDICIAL', '12356', 34, 2, 0, 6, 1, 1, '2016-05-01', 'ucaldas@ucaldas.edu.co'),
(1320, 6, 28, 'TECNOLOGIA EN ADMINISTRACION JUDICIAL', '12359', 34, 2, 0, 6, 1, 1, '2016-05-01', 'ucaldas@ucaldas.edu.co'),
(1321, 6, 28, 'ESPECIALIZACION EN DOCENCIA UNIVERSITARIA', '13213', 12, 4, 0, 2, 1, 1, '2016-05-01', 'ucaldas@ucaldas.edu.co'),
(1322, 6, 28, 'LICENCIATURA EN FILOSOFIA Y LETRAS', '13218', 12, 3, 0, 10, 1, 1, '2016-05-01', 'ucaldas@ucaldas.edu.co'),
(1323, 6, 28, 'LICENCIATURA EN EDUCACION BASICA CON ENFASIS EN EDUCACION FISICA RECREACION Y DEPORTES', '13219', 12, 3, 0, 10, 1, 1, '2016-05-01', 'ucaldas@ucaldas.edu.co'),
(1324, 6, 28, 'LICENCIATURA EN ARTES ESCENICAS CON ENFASIS EN TEATRO', '13220', 12, 3, 0, 10, 1, 1, '2016-05-01', 'ucaldas@ucaldas.edu.co'),
(1325, 6, 28, 'LICENCIATURA EN CIENCIAS SOCIALES', '13221', 23, 3, 0, 10, 1, 1, '2016-05-01', 'ucaldas@ucaldas.edu.co'),
(1326, 6, 28, 'ANTROPOLOGIA', '15538', 22, 3, 0, 10, 1, 1, '2016-05-01', 'ucaldas@ucaldas.edu.co'),
(1327, 6, 28, 'ESPECIALIZACION EN INTERVENCION EN RELACIONES FAMILIARES', '15776', 24, 4, 0, 2, 1, 1, '2016-05-01', 'ucaldas@ucaldas.edu.co'),
(1329, 6, 28, 'ESPECIALIZACION EN GEOTECNIA', '16114', 47, 4, 0, 3, 1, 1, '2016-05-01', 'ucaldas@ucaldas.edu.co'),
(1331, 6, 28, 'MAESTRIA EN GERONTOLOGIA  ENVEJECIMIENTO Y VEJEZ', '17529', 24, 5, 0, 4, 1, 1, '2016-05-01', 'ucaldas@ucaldas.edu.co'),
(1333, 6, 28, 'ESPECIALIZACION EN EVALUACION TECNICA Y ECONOMICA DE IMPACTOS AMBIENTALES', '17827', 50, 4, 0, 2, 1, 1, '2016-05-01', 'ucaldas@ucaldas.edu.co'),
(1336, 6, 28, 'ESPECIALIZACION EN DESARROLLO AGROINDUSTRIAL', '19461', 36, 4, 0, 2, 1, 1, '2016-05-01', 'ucaldas@ucaldas.edu.co'),
(1337, 6, 28, 'MAESTRIA EN QUIMICA', '19849', 56, 5, 0, 4, 1, 1, '2016-05-01', 'ucaldas@ucaldas.edu.co'),
(1338, 6, 28, 'TECNOLOGIA EN SISTEMAS INFORMATICOS', '20974', 46, 2, 0, 6, 4, 1, '2016-05-01', 'ucaldas@ucaldas.edu.co'),
(1339, 6, 28, 'MAESTRIA EN EDUCACION', '51877', 12, 5, 0, 2, 1, 1, '2016-05-01', 'ucaldas@ucaldas.edu.co'),
(1340, 6, 417, 'TRABAJO SOCIAL', '52088', 24, 3, 0, 10, 1, 1, '2016-05-01', 'ucaldas@ucaldas.edu.co'),
(1341, 6, 417, 'DESARROLLO FAMILIAR', '52089', 32, 3, 0, 10, 1, 1, '2016-05-01', 'ucaldas@ucaldas.edu.co'),
(1342, 6, 28, 'MAESTRIA EN CULTURAS Y DROGA', '52408', 24, 5, 0, 2, 1, 1, '2016-05-01', 'ucaldas@ucaldas.edu.co'),
(1343, 6, 28, 'MAESTRIA EN DISEÑO Y CREACION INTERACTIVA', '52659', 9, 5, 0, 4, 1, 1, '2016-05-01', 'ucaldas@ucaldas.edu.co'),
(1344, 6, 28, 'TECNOLOGIA EN ELECTRONICA', '52690', 44, 2, 0, 6, 4, 1, '2016-05-01', 'ucaldas@ucaldas.edu.co'),
(1345, 6, 28, 'TECNOLOGIA EN ADMINISTRACION JUDICIAL', '52768', 34, 2, 0, 6, 4, 1, '2016-05-01', 'ucaldas@ucaldas.edu.co'),
(1346, 6, 417, 'TECNOLOGIA EN ELECTRONICA', '52942', 44, 2, 0, 6, 1, 1, '2016-05-01', 'ucaldas@ucaldas.edu.co'),
(1347, 6, 28, 'MAESTRIA EN CIENCIAS VETERINARIAS', '53150', 3, 5, 0, 4, 1, 1, '2016-05-01', 'ucaldas@ucaldas.edu.co'),
(1348, 6, 28, 'TECNOLOGIA EN FINANZAS', '53242', 34, 2, 0, 6, 4, 1, '2016-05-01', 'ucaldas@ucaldas.edu.co'),
(1349, 6, 28, 'MAESTRIA EN SOCIEDADES RURALES', '53246', 24, 5, 0, 2, 1, 1, '2016-05-01', 'ucaldas@ucaldas.edu.co'),
(1350, 6, 28, 'MAESTRIA EN CIENCIAS SOCIALES', '53375', 22, 5, 0, 2, 1, 1, '2016-05-01', 'ucaldas@ucaldas.edu.co'),
(1351, 6, 28, 'ESPECIALIZACION EN ENTRENAMIENTO DEPORTIVO CON NIÑOS', '53896', 12, 4, 0, 3, 1, 1, '2016-05-01', 'ucaldas@ucaldas.edu.co'),
(1352, 6, 28, 'DOCTORADO EN CIENCIAS BIOMÉDICAS', '54197', 20, 6, 0, 8, 1, 1, '2016-05-01', 'ucaldas@ucaldas.edu.co'),
(1353, 6, 28, 'MAESTR¿A EN CIENCIAS DE LA TIERRA', '54276', 55, 5, 0, 24, 1, 1, '2016-05-01', 'ucaldas@ucaldas.edu.co'),
(1354, 6, 28, 'DOCTORADO EN CIENCIAS BIOMEDICAS', '54408', 20, 6, 0, 8, 1, 1, '2016-05-01', 'ucaldas@ucaldas.edu.co'),
(1356, 6, 28, 'DOCTORADO EN CIENCIAS AGRARIAS', '54453', 1, 6, 0, 8, 1, 1, '2016-05-01', 'ucaldas@ucaldas.edu.co'),
(1357, 6, 28, 'MAESTRIA EN CIENCIAS BIOMEDICAS', '54619', 20, 5, 0, 4, 1, 1, '2016-05-01', 'ucaldas@ucaldas.edu.co'),
(1358, 6, 28, 'ESPECIALIZACIÓN EN CUIDADO CRÍTICO DEL ADULTO', '54630', 18, 4, 0, 3, 1, 1, '2016-05-01', 'ucaldas@ucaldas.edu.co'),
(1359, 6, 28, 'TECNOLOGIA EN GESTION AGROPECUARIA', '54796', 34, 2, 0, 2, 1, 1, '2016-05-01', 'ucaldas@ucaldas.edu.co'),
(1360, 6, 28, 'TECNICA PROFESIONAL EN FORMULACIÓN E IMPLEMENTACIÓN DE PROYECTOS AGROPECUARIOS', '54797', 34, 1, 0, 2, 1, 1, '2016-05-01', 'ucaldas@ucaldas.edu.co'),
(1361, 6, 28, 'TECNOLOGIA EN DISEÑO Y DESARROLLO DE PRODUCTO ARTESANAL', '54869', 9, 2, 0, 6, 1, 1, '2016-05-01', 'ucaldas@ucaldas.edu.co'),
(1362, 6, 28, 'TECNICA PROFESIONAL EN PRODUCCION ARTESANAL SOSTENIBLE', '54870', 9, 1, 0, 4, 1, 1, '2016-05-01', 'ucaldas@ucaldas.edu.co'),
(1363, 6, 28, 'TECNOLOGÍA EN BIOTECNOLOGÍA AMBIENTAL', '54966', 1, 2, 0, 3, 1, 1, '2016-05-01', 'ucaldas@ucaldas.edu.co'),
(1364, 6, 28, 'TÉCNICA PROFESIONAL EN SANEAMIENTO Y CONSERVACIÓN AMBIENTAL', '54967', 53, 1, 0, 4, 1, 1, '2016-05-01', 'ucaldas@ucaldas.edu.co'),
(1365, 6, 28, 'TECNOLOGÍA EN PROCESOS BIOTECNOLÓGICOS', '54968', 1, 2, 0, 6, 1, 1, '2016-05-01', 'ucaldas@ucaldas.edu.co'),
(1366, 6, 28, 'TÉCNICA PROFESIONAL EN APLICACIONES BIOTECNOLÓGICAS DE LABORATORIO', '54969', 1, 1, 0, 2, 1, 1, '2016-05-01', 'ucaldas@ucaldas.edu.co'),
(1367, 6, 28, 'DOCTORADO EN DISEÑO Y CREACION', '55043', 9, 6, 0, 8, 1, 1, '2016-05-01', 'ucaldas@ucaldas.edu.co'),
(1368, 6, 28, 'TECNOLOGIA EN SISTEMAS INFORMATICOS CON ENFASIS  EN SALUD', '90420', 16, 2, 0, 6, 1, 1, '2016-05-01', 'ucaldas@ucaldas.edu.co'),
(1369, 6, 28, 'TÉCNICA PROFESIONAL EN OPERACIÓN DE SISTEMAS EN E -SALUD', '90421', 16, 1, 0, 4, 1, 1, '2016-05-01', 'ucaldas@ucaldas.edu.co'),
(1370, 6, 28, 'INGENIERIA MECATRONICA', '90428', 40, 3, 0, 10, 1, 1, '2016-05-01', 'ucaldas@ucaldas.edu.co'),
(1371, 6, 28, 'MAESTRÍA EN INTERVENCIÓN EN RELACIONES FAMILIARES', '90718', 24, 5, 0, 2, 1, 1, '2016-05-01', 'ucaldas@ucaldas.edu.co'),
(1372, 6, 28, 'TECNOLOGIA EN LOGISTICA', '90809', 43, 2, 0, 6, 4, 1, '2016-05-01', 'ucaldas@ucaldas.edu.co'),
(1373, 6, 28, 'TECNICA PROFESIONAL EN OPERACIONES DE LA CADENA LOGISTICA', '90810', 43, 1, 0, 4, 4, 1, '2016-05-01', 'ucaldas@ucaldas.edu.co'),
(1374, 6, 28, 'DOCTORADO EN ESTUDIOS TERRITORIALES', '90832', 22, 6, 0, 10, 1, 1, '2016-05-01', 'ucaldas@ucaldas.edu.co'),
(1375, 6, 28, 'LICENCIATURA EN EDUCACION AMBIENTAL', '90880', 12, 3, 0, 8, 4, 1, '2016-05-01', 'ucaldas@ucaldas.edu.co'),
(1377, 6, 28, 'MAESTRIA EN INGENIERIA DE ALIMENTOS', '90952', 48, 5, 0, 4, 1, 1, '2016-05-01', 'ucaldas@ucaldas.edu.co'),
(1378, 6, 28, 'MAESTRO EN MUSICA', '91127', 6, 3, 0, 10, 1, 1, '2016-05-01', 'ucaldas@ucaldas.edu.co'),
(1379, 6, 28, 'TECNICA PROFESIONAL EN HIGIENE Y SEGURIDAD OCUPACIONAL', '91266', 15, 1, 0, 4, 4, 1, '2016-05-01', 'ucaldas@ucaldas.edu.co'),
(1380, 6, 28, 'TECNOLOGIA EN HIGIENE Y SEGURIDAD OCUPACIONAL', '91268', 43, 2, 0, 6, 4, 1, '2016-05-01', 'ucaldas@ucaldas.edu.co'),
(1381, 6, 28, 'MAESTRÍA EN DIDÁCTICA DE LA MATEMÁTICA', '91391', 12, 5, 0, 4, 1, 1, '2016-05-01', 'ucaldas@ucaldas.edu.co'),
(1383, 6, 28, 'HISTORIA', '101284', 58, 3, 0, 8, 1, 1, '2016-05-01', 'ucaldas@ucaldas.edu.co'),
(1384, 6, 28, 'MAESTRÍA EN DERECHO PÚBLICO', '101473', 32, 5, 0, 2, 1, 1, '2016-05-01', 'ucaldas@ucaldas.edu.co'),
(1385, 6, 28, 'MAESTRÍA EN ESTUDIOS POLÍTICOS', '101476', 33, 5, 0, 4, 1, 1, '2016-05-01', 'ucaldas@ucaldas.edu.co'),
(1386, 6, 28, 'ESPECIALIZACION EN OBSTETRICIA Y GINECOLOGIA', '101538', 20, 4, 0, 3, 1, 1, '2016-05-01', 'ucaldas@ucaldas.edu.co'),
(1387, 6, 28, 'MAESTRÍA EN ESTUDIOS POLÍTICOS', '101609', 33, 5, 0, 4, 1, 1, '2016-05-01', 'ucaldas@ucaldas.edu.co'),
(1388, 6, 28, 'MAESTRÍA EN DERECHO PÚBLICO', '101610', 32, 5, 0, 2, 1, 1, '2016-05-01', 'ucaldas@ucaldas.edu.co'),
(1389, 6, 28, 'ESPECIALIZACIÓN EN DERECHO LABORAL Y SEGURIDAD SOCIAL', '101611', 32, 4, 0, 2, 1, 1, '2016-05-01', 'ucaldas@ucaldas.edu.co'),
(1390, 6, 28, 'INGENIERIA AGRONOMICA', '101662', 1, 3, 0, 10, 1, 1, '2016-05-01', 'ucaldas@ucaldas.edu.co'),
(1391, 6, 28, 'INGENIERIA AGRONOMICA', '101663', 1, 3, 0, 10, 1, 1, '2016-05-01', 'ucaldas@ucaldas.edu.co'),
(1392, 6, 28, 'MAESTRÍA EN INGENIERÍA COMPUTACIONAL', '101812', 46, 5, 0, 4, 1, 1, '2016-05-01', 'ucaldas@ucaldas.edu.co'),
(1393, 6, 28, 'TÉCNICO PROFESIONAL EN PRODUCCIÓN AGROPECUARIA SOSTENIBLE', '101841', 1, 1, 0, 2, 4, 1, '2016-05-01', 'ucaldas@ucaldas.edu.co'),
(1394, 6, 28, 'TECNOLOGÍA EN GESTIÓN AGROPECUARIA SOSTENIBLE', '101842', 1, 2, 0, 3, 4, 1, '2016-05-01', 'ucaldas@ucaldas.edu.co'),
(1395, 6, 28, 'MAESTRÍA EN CIENCIAS BIOLÓGICAS', '102158', 53, 5, 0, 4, 1, 1, '2016-05-01', 'ucaldas@ucaldas.edu.co'),
(1396, 6, 28, 'MAESTRÍA EN ECOLOGÍA HUMANA Y SABERES AMBIENTALES', '102172', 58, 5, 0, 2, 1, 1, '2016-05-01', 'ucaldas@ucaldas.edu.co'),
(1397, 6, 421, 'MAESTRÍA EN CIENCIAS SOCIALES', '102241', 58, 5, 0, 2, 1, 1, '2016-05-01', 'ucaldas@ucaldas.edu.co'),
(1398, 6, 417, 'MAESTRÍA EN CIENCIAS SOCIALES', '102242', 58, 5, 0, 2, 1, 1, '2016-05-01', 'ucaldas@ucaldas.edu.co'),
(1399, 6, 28, 'ESPECIALIZACION EN EVALUACION INTEGRAL DE IMPACTOS AMBIENTALES', '102416', 50, 4, 0, 2, 1, 1, '2016-05-01', 'ucaldas@ucaldas.edu.co'),
(1400, 6, 28, 'ESPECIALIZACION EN SEXOLOGIA CLINICA', '102419', 58, 4, 0, 3, 1, 1, '2016-05-01', 'ucaldas@ucaldas.edu.co'),
(1401, 6, 28, 'MAESTRÍA EN SALUD PÚBLICA', '102491', 58, 5, 0, 2, 1, 1, '2016-05-01', 'ucaldas@ucaldas.edu.co'),
(1402, 6, 28, 'TÉCNICO PROFESIONAL EN PRODUCCIÓN CAFETERA', '102501', 1, 1, 0, 2, 1, 1, '2016-05-01', 'ucaldas@ucaldas.edu.co'),
(1403, 6, 28, 'TECNOLOGÍA EN AGROINDUSTRIA', '102520', 48, 2, 0, 6, 4, 1, '2016-05-01', 'ucaldas@ucaldas.edu.co'),
(1404, 6, 28, 'ADMINISTRACIÓN FINANCIERA', '102682', 58, 3, 0, 10, 1, 1, '2016-05-01', 'ucaldas@ucaldas.edu.co'),
(1405, 6, 423, 'ADMINISTRACIÓN FINANCIERA', '102683', 58, 3, 0, 10, 1, 1, '2016-05-01', 'ucaldas@ucaldas.edu.co'),
(1406, 6, 28, 'ESPECIALIZACIÓN  EN MEDICINA DE URGENCIAS', '102713', 58, 4, 0, 3, 1, 1, '2016-05-01', 'ucaldas@ucaldas.edu.co'),
(1408, 6, 28, 'DOCTORADO EN EDUCACIÓN', '103840', 12, 6, 0, 4, 1, 1, '2016-05-01', 'ucaldas@ucaldas.edu.co'),
(1409, 6, 28, 'MAESTRÍA EN BIOINFORMÁTICA Y BIOLOGÍA COMPUTACIONAL', '103917', 49, 5, 0, 4, 1, 1, '2016-05-01', 'ucaldas@ucaldas.edu.co'),
(1410, 6, 28, 'MAESTRÍA EN ARTES', '103921', 58, 5, 0, 2, 1, 1, '2016-05-01', 'ucaldas@ucaldas.edu.co'),
(1411, 6, 28, 'MAESTRÍA EN ESTUDIOS TERRITORIALES', '104211', 58, 5, 0, 2, 1, 1, '2016-05-01', 'ucaldas@ucaldas.edu.co'),
(1413, 6, 28, 'TECNOLOG¿A EN GESTI¿N AMBIENTAL', '104640', 1, 2, 0, 3, 1, 1, '2016-05-01', 'ucaldas@ucaldas.edu.co'),
(1414, 6, 28, 'T¿CNICO PROFESIONAL EN PRODUCCI¿N AGR¿COLA', '104641', 1, 1, 0, 2, 1, 1, '2016-05-01', 'ucaldas@ucaldas.edu.co'),
(1415, 6, 28, 'TECNOLOG¿A  EN GESTI¿N DE LA EMPRESA AGR¿COLA', '104642', 1, 2, 0, 3, 1, 1, '2016-05-01', 'ucaldas@ucaldas.edu.co'),
(1416, 6, 28, 'TÉCNICO PROFESIONAL EN SANEAMIENTO AMBIENTAL', '104643', 1, 1, 0, 2, 1, 1, '2016-05-01', 'ucaldas@ucaldas.edu.co'),
(1417, 6, 28, 'TECNOLOG¿A EN GESTI¿N DE LA EMPRESA CAFETERA', '104644', 1, 2, 0, 3, 1, 1, '2016-05-01', 'ucaldas@ucaldas.edu.co'),
(1418, 6, 28, 'LICENCIATURA EN EDUCACION F¿SICA  RECREACION Y DEPORTE', '105128', 12, 3, 0, 10, 1, 1, '2016-05-01', 'ucaldas@ucaldas.edu.co'),
(1419, 6, 28, 'DOCTORADO EN INGENIERÍA', '105174', 40, 6, 0, 8, 1, 1, '2016-05-01', 'ucaldas@ucaldas.edu.co');

-- --------------------------------------------------------

--
-- Estructura de tabla para la tabla `sedes`
--

DROP TABLE IF EXISTS `sedes`;
CREATE TABLE IF NOT EXISTS `sedes` (
  `id` int(11) NOT NULL AUTO_INCREMENT,
  `universidad` int(11) NOT NULL,
  `ciudad` int(11) NOT NULL,
  `Nombre` varchar(50) NOT NULL,
  `Direccion` varchar(100) NOT NULL,
  PRIMARY KEY (`id`),
  KEY `llf_sedes_universidad` (`universidad`),
  KEY `llf_sedes_ciudades` (`ciudad`)
) ENGINE=InnoDB AUTO_INCREMENT=425 DEFAULT CHARSET=latin1;

--
-- Volcado de datos para la tabla `sedes`
--

INSERT INTO `sedes` (`id`, `universidad`, `ciudad`, `Nombre`, `Direccion`) VALUES
(1, 1, 8, 'Sede Claustro', 'Calle 12c No 6- 25'),
(2, 1, 8, 'Quinta de Mutis', 'Carrera 24 N° 63C-69'),
(3, 1, 8, 'Sede Norte', 'Calle 200 entre Autopista Norte y Cra 7ma.'),
(4, 1, 8, 'Red Hospitalaria Méderi', 'Calle 24 No. 29 -45'),
(5, 2, 8, 'SECTOR CAMPUS DE LOS CERROS', 'Avda. Circunvalar No. 20-53'),
(6, 2, 8, 'SECTOR HISTÓRICO DE LA CANDELARIA', 'Cll. 10 # 6-44'),
(7, 2, 8, 'SECTOR NORTE', 'Calle 106 No. 19-18'),
(10, 3, 24, 'Sede Medellín', 'calle 67 No. 53 - 108'),
(13, 3, 45, 'Seccional Caucasia', 'Calle 22, No. 20-84 - Entrada contigua al Vivero Municipal.'),
(14, 3, 46, 'Sede Magdalena Medio', 'Barrio el Cacique Antiguo Campamento de Obras Públicas, vía salida a Medellín.'),
(15, 3, 47, 'Sede Distrito Minero Segovia-Remedios', 'Unidad Educativa Escuela La Salada'),
(16, 3, 48, 'Sede Norte', 'Carrera 21 # 19-21 '),
(17, 3, 51, 'Seccional Occidente', 'Calle 9 Nº 7-36'),
(18, 3, 49, 'Seccional Oriente', 'Km 6, vía Rionegro - La Ceja '),
(19, 3, 50, 'Seccional Suroeste', 'Km. 4, salida hacia Medellín, vereda Campamento'),
(20, 3, 1, 'Seccional Urabá sede Multicampus', 'vía Apartadó – Carepa Km 1'),
(21, 4, 8, ' Sede Principal', 'Carrera 4 # 22-61'),
(22, 4, 14, 'Seccional Caribe', 'Calle de la Chichería # 38-42'),
(23, 4, 14, 'Cartagena - Campus', ' Kilómetro 13 Anillo Vial'),
(24, 4, 36, 'Santa Marta', 'Carrera 2 # 11 - 68 Edificio Mundo Marino'),
(25, 5, 6, 'Sede centro', 'carrera 43 entre calles 50 y 51'),
(26, 5, 6, 'Sede Facultad de Bellas Artes', 'calle 68 entre carrera 53 y carrera 54'),
(27, 5, 6, 'Ciudadela universitaria - Sede norte', ' km 7 antigua vía Puerto Colombia'),
(28, 6, 23, 'Sede principal', 'Calle 65 #26-10'),
(29, 6, 23, 'Sede Bellas Artes', 'Carrera 21 No 13-02 Av 12 de Octubre'),
(30, 6, 23, 'Sede Palogrande', 'Carrera 23 No 58-65'),
(31, 6, 23, 'Sede Sancancio', 'Carrera 35 No 62-160'),
(32, 6, 23, 'Sede Versalles', 'Carrera 25 No 48-57'),
(33, 7, 14, 'Claustro de San Agustín', 'Centro Cra. 6 # 36-100'),
(34, 7, 14, 'Campus Piedra de Bolívar', 'Cll. 30 # 49b-142'),
(35, 7, 14, 'Campus de Zaragocilla', 'Carrera 50 No. 29 - 11'),
(36, 7, 14, 'Campus de San Pablo', ''),
(37, 7, 14, 'Campus Claustro La Merced', ''),
(38, 8, 30, 'Claustro de Santo Domingo', 'carrera 5ª entre calles 4ª y 5ª'),
(39, 8, 30, 'Campus del Tulcán', ''),
(40, 8, 30, ' Claustro del Carmen', 'calle 4ª Nº 3-56'),
(41, 8, 30, 'Facultad de Artes', 'carrera 6ª con calle 3ª'),
(43, 9, 24, 'Ciudadela universitaria de Belén los Alpes', ' Carrera 87 N° 30 - 65'),
(44, 10, 28, ' Ciudad Universitaria Torobajo ', 'Clle 18 Cr 50'),
(45, 10, 28, 'Sede las Acacias', 'Carrera 36 No. 5-121 Las Acacias '),
(46, 11, 20, 'Sede Central', 'Barrio Santa Helena Parte Alta'),
(47, 11, 20, 'Sede Sur', 'Barrio Miramar'),
(48, 12, 13, 'Ciudad Universitaria Meléndez', 'Calle 13 No 100-00'),
(49, 12, 13, 'Sede San Fernando', 'Calle 4B No 36-00'),
(50, 13, 8, 'Sede Central', 'Carrera 7 No. 40B - 53'),
(51, 13, 8, 'Sede Macarena A', 'Carrera 3 No. 26 A - 40 '),
(52, 13, 8, 'Macarena B', 'Carrera 4 No. 26 B - 54'),
(53, 13, 8, 'Sede Tecnológica', 'Calle 68D Bis A Sur No. 49F-70'),
(54, 13, 8, 'Sede el Vivero', 'Carrera 5 Este No 15-82'),
(55, 13, 8, 'Sede Posgrados de Ciencias y Educación', 'Calle 64 A No 30-05'),
(56, 13, 8, 'Facultad De Artes ASAB', 'Carrera 13 No. 14 - 69'),
(57, 13, 8, 'Sede Academia Luis A. Calvo - ALAC', 'Carrera 9 No. 52 - 52'),
(58, 13, 8, 'Sede calle 34', 'Cll 34 No. 13 - 15'),
(59, 14, 8, 'El Externado de Colombia', 'Calle 12 n.° 1-17 Este'),
(60, 15, 8, 'Sede central Bogotá', 'Cra. 6 No. 12 B 40'),
(61, 15, 3, 'Sede Central Armenia', 'Avenida Bolívar No 7 - 46'),
(62, 15, 8, 'Sede de Ingeniería', 'Calle 42 A N° 8 - 10 '),
(63, 15, 3, 'Sede Campus', 'Km. 7 vía Armenia - La Tebaida'),
(64, 15, 3, 'Sede Norte', 'Cra 14 # 5 - 29  Tel: 7462646'),
(65, 15, 8, 'INGENIERÍA CIVIL', 'Carrera 9 Nº. 42 a -22 '),
(66, 15, 8, 'CAMPUS SANTA MÁRIA ', 'Km. 23 Autopista Norte via Sopó'),
(67, 85, 9, 'Campus Principal', 'Cra 27 Calle 9 Ciudad Universitaria'),
(68, 85, 9, 'Facultad de Salud ', ' Carrera 32'),
(69, 85, 9, 'Sede Bucarica', 'Carrera 27-680002'),
(70, 85, 4, 'Sede Barbosa', 'Kilómetro 1 vía antigua al corregimiento de Cite\r\n'),
(71, 85, 5, 'Sede Barrancabermeja', 'Carrera 28 #62-50'),
(72, 85, 22, 'Sede Malaga', 'Malaga, santander'),
(73, 85, 38, 'Sede Socorro', 'UIS socorro'),
(74, 85, 52, 'Sede Piedecuesta', 'Parque Tecnológico de Guatiguará '),
(85, 16, 6, 'Sede Principal Barranquilla', 'Km. 7 Antigua Via a Puerto Colombia'),
(86, 16, 6, 'Sede Centro ', 'Carrera 46 No.48-170'),
(87, 16, 8, 'Sede Bogotá', 'Calle 8a No. 5-80'),
(88, 16, 13, 'Sede Cali', 'Diagonal 37A No. 3 -29'),
(89, 16, 14, 'Sede Cartagena', 'Pie de la Popa, Calle Real N° 20 - 177'),
(90, 16, 12, 'Sede Cucuta', 'venida 4ta 12N-81 El Bosque'),
(91, 16, 29, 'Sede centro', 'Calle 40 # 7 - 30'),
(92, 16, 29, 'Campus Universitario', 'Belmonte Avenida Las Américas'),
(93, 16, 38, 'Sede Socorro', 'Socorro, Santander'),
(94, 17, 8, 'Sede Bogota', 'Dirección: Cra 45, Bogotá'),
(95, 17, 21, 'Sede Amazonia', 'Avenida Vasquez Cobo'),
(96, 17, 23, 'Sede Manizales', 'Cra 27 # 64-60'),
(97, 17, 24, 'Sede Medellin', 'Calle 59 A N 63-20'),
(98, 17, 2, 'Sede Orinoquia', 'Kilómetro 9 vía a Caño Limón '),
(99, 17, 27, 'Sede Palmira', 'Carrera 32 No 12 - 00 Chapinero, Vía Candelaria'),
(100, 17, 53, 'Sede Caribe', 'Carr. circulv. San Luis Feetown # 52-44'),
(101, 17, 54, 'Sede Tumaco', 'Tumaco'),
(102, 18, 8, 'Sede Principal', ' Calle 72 No. 11-86'),
(103, 18, 58, 'Valle de Tenza', 'Carrera 5 No. 2 - 57'),
(104, 18, 55, 'Guapi', 'Normal superior La Inmaculada de Guapi'),
(105, 18, 57, 'La chorrera', 'Colegio Indígena Casa del Conocimiento, La Chorrera Predio Putumayo. Amazonas'),
(106, 18, 56, 'Puerto Asís', 'Puerto Asís Putumayo'),
(107, 19, 8, 'Casa Bogotá  ', 'Carrera 14 No. 44-51 '),
(108, 19, 17, 'Sede Duitama', 'Carrera18 con Calle 22 '),
(109, 19, 59, 'Sede Sogamoso', 'Calle 4 Sur No.15 -134 '),
(110, 19, 60, 'Sede Chiquinquira', 'Calle 14 A Nº 2-37'),
(111, 19, 39, 'Sede Central ', 'Avenida Central del Norte 39-115 '),
(112, 20, 8, 'Sede Principal', 'Carrera 7 No. 40 - 62'),
(113, 20, 13, 'Sede Cali', 'calle 18 No 118-250 '),
(114, 21, 24, 'Campus Laureles', 'Circular 1 No. 70-01'),
(115, 21, 24, 'Campus Robledo', 'Calle 78b No. 72a-109'),
(116, 21, 24, 'Campus El Poblado ', 'Carrera 43 C # 5-173'),
(117, 21, 9, 'Sede Bucaramanga', 'Km. 7 via Piedecuesta'),
(118, 21, 25, 'Sede Monteria', 'Cra. 6 No. 97 A - 99 '),
(119, 21, 27, 'Sede Palmira', 'Kilometro 1 Vía Tienda Nueva'),
(120, 21, 8, 'Sede Bogota', 'Avenida Boyacá # 169 D - 75, San José de Bavaria'),
(121, 22, 13, 'Campus Pampalinda', 'Calle 5 # 62-00 Barrio Pampalinda'),
(122, 22, 13, 'Sede Centro ', 'Carrera 8 # 8-17 Barrio Santa Rosa'),
(123, 22, 27, 'Seccional Palmira', 'Carrera 30 con Calle 38 esquina Barrio Alfonso López\r\n'),
(124, 23, 29, 'UTP', 'Carrera 27 #10-02 Barrio Alamos'),
(125, 24, 25, 'UNICORDOBA', 'Km. 3 via Cereté'),
(126, 25, 35, 'UNIMAGDALENA', 'Carrera 32 No 22 - 08'),
(127, 26, 3, 'Ciudad Universitaria de Armenia', 'Carrera 15 Calle 12 Norte'),
(128, 27, 8, 'Sede Candelaria', 'Carrera 2 #10-70'),
(129, 27, 8, 'Sede Chapinero', 'Carrera 5 #59a-44'),
(130, 27, 8, 'Sede Norte', 'Cra. 7 No-172-85'),
(131, 27, 61, 'Sede Utopia', ''),
(132, 28, 8, 'Sede Principal', 'Carrera 9 No. 51 - 11'),
(133, 28, 8, 'Sede de Lourdes', 'Carrera 9A No. 63 - 28'),
(134, 28, 8, 'Campus San Alberto Magno', 'Autopista Norte, Av. los Arrayanes Km. 1.6'),
(135, 28, 9, 'Campus Bucaramanga', 'Cra. 18 #9-27'),
(136, 28, 9, 'Campus Floridablanca', 'Cl. 197 #180 - 385'),
(137, 28, 9, 'Campus el Limonal', 'Km 14 via piedecuesta'),
(140, 28, 24, 'Sede Medellin', 'Cl. 77bb #80-56'),
(141, 28, 39, 'Sede Centro', 'Cll. 19 Nº 11 - 64 '),
(142, 28, 39, 'Sede Campus', 'Av. Universitaria Cll. 48 No. 1-235 este.'),
(143, 28, 41, 'Campus Aguas Claras', ' Carrera 22 con Calle 1a Vía Puerto López. '),
(144, 28, 41, 'Campus Loma Linda ', 'Carrera 48 N° 19 - 05 Sur Vía Acacías'),
(145, 29, 12, 'Sede Cucuta', 'Avenida Gran Colombia #12E-96'),
(146, 29, 12, 'Campos  Elisios', 'Vía Los Patios'),
(147, 29, 12, 'Finca San  Pablo', 'Corregimiento el Diamante, Vereda Urengue, Municipio Chinácota'),
(148, 29, 62, 'Seccional  Ocaña', 'Vía Acolsure, Sede el Algodonal Ocaña'),
(149, 30, 24, 'Campus Medellin', 'Carrera 49 # 7 sur 50.'),
(150, 30, 8, 'EAFIT Bogota', 'Carrera 16 # 93-46'),
(151, 30, 29, 'EAFIT Pereira', 'Carrera 19 #12-70'),
(152, 30, 34, 'EAFIT Llanogrande', 'Km 3.5 vía Don Diego'),
(153, 31, 8, 'SEDE BOGOTÁ', 'Carrera 13 No. 24-15 '),
(154, 31, 14, 'SEDE CARTAGENA', 'Calle 30 # 18B-17 Pie del Cerro'),
(155, 31, 63, 'SEDE SOPO', 'Calle 1 No. 2-49'),
(156, 31, 40, 'SEDE FUSAGASUGA', 'Trv. 12 No. 16bis-56 Barrio Balmoral'),
(157, 32, 6, 'Campus Ciudad', 'Km.5 Vía Puerto Colombia'),
(158, 33, 42, 'Campus Pamplona', 'Ciudad Universitaria'),
(159, 33, 12, 'Campus Cúcuta', 'Calle 5 No. 2-38 Barrio Latino'),
(160, 33, 64, 'Campus Villa del Rosario', 'Ciudad Universitaria de la Frontera Autopista Internacional Vía Los Álamos Villa Antigua'),
(161, 34, 8, 'USB Bogotá', 'Carrera 8 H n 172-20'),
(162, 34, 24, 'USB Medellin', 'Carrera 56C N° 51-110 Centro'),
(163, 34, 7, 'USB Campus Universitario', 'Calle 45 N° 61-40 Barrio Salento'),
(164, 34, 13, 'USB Cali', 'Avenida 10 de Mayo, La Umbría, Vía a Pance'),
(165, 34, 14, 'USB Cartagena', 'Calle Real de Ternera No. 30-966'),
(166, 35, 14, 'Escuela Naval de Cadetes "Almirante Padilla"', 'Barrio Bosque, Sector Manzanillo'),
(167, 36, 65, 'Campus del Puente del Común', 'Km. 7, Autopista Norte de Bogotá'),
(168, 37, 26, 'Subsede Central', 'Avenida Pastrana Borrero - Carrera 1'),
(169, 37, 26, 'Subsede Torre Administrativa y Postgrados', 'Cra.5 No. 23-40'),
(170, 37, 26, 'Subsede Salud', 'Calle 9 carrera 4'),
(171, 37, 66, 'Sede Garzón', 'Carrera 3 No.1-31 vía Las Termitas'),
(172, 37, 67, 'Sede La Plata', 'Kilómetro 1 vía a Fátima'),
(173, 37, 68, 'Sede Pitalito', 'Km 1 vía Vereda El Macal'),
(174, 38, 8, 'Sede Centro', 'calle 21 n.º 4-40'),
(175, 38, 8, 'Sede Norte', 'calle 75 N.º 16-03'),
(176, 39, 28, 'UNIVERSIDAD MARIANA', 'Calle 18 # 34 - 104'),
(177, 40, 6, 'Sede Barranquilla', 'Calle 90 #46-112'),
(178, 40, 62, 'Sede Ocaña', 'Calle 12 # 9-77'),
(179, 41, 29, 'Universidad Católica de Pereira', 'Carrera 21 No. 49-95 Av. de las Américas'),
(180, 42, 23, 'Universidad de Manizales', 'Cra 9a # 19-03 Campo Hermoso'),
(181, 43, 14, 'Campus Casa Lemaitre', 'Calle del Bouquet Cra. 21 No 25-92, barrio Manga'),
(182, 43, 14, 'Campus Tecnologico', 'Parque Industrial y Tecnológico Carlos Vélez Pombo, Km 1 Vía Turbaco'),
(189, 44, 40, 'Sede Campus Sabanas', 'Balneario Hurtado Vía a Patillal'),
(190, 44, 69, 'Seccional Aguachica', 'Kra. 40 Vía al mar'),
(191, 45, 8, 'El Nogal', 'Cl. 79 nº. 11 - 45'),
(192, 45, 8, 'Av. Chile', 'Cl. 71 nº. 9 - 84'),
(193, 46, 13, 'Universidad Icesi', 'Calle 18 No. 122-135 Pance'),
(194, 47, 8, 'SEDE PRINCIPAL ', 'CALLE 28 No. 5B-02'),
(195, 47, 8, 'SEDE II - CURSOS DE EXTENSIÓN', 'Carrera 20 No. 37-53'),
(196, 47, 8, 'SEDE III - FACULTAD DE DERECHO ', 'Calle 34 No. 6-56'),
(197, 47, 8, 'SEDE IV FACULTAD INGENIERíA Y ARQUITECTURA ', 'Calle 34 No. 5-45'),
(198, 47, 8, 'SEDE VII POSGRADOS ', 'Calle 34 N. 5-71'),
(199, 47, 19, 'SEDE GIRARDOT ', 'Kilómetro 3 Carretera Girardor - Bogotá'),
(200, 48, 8, 'Sede calle 100 ', 'Carrera 11 No.101-80'),
(201, 48, 8, 'Sede Facultad de Medicina', 'Transversal 3ra. No 49-00'),
(202, 48, 71, 'Campus Nueva Granada', 'Kilometro 2 Vía Cajicá-Zipaquira, Costado Oriental'),
(203, 49, 9, 'Campus El Jardin', ' Avenida 42 No 48 - 11 Altos de Cabecera'),
(204, 49, 72, 'Campus El Bosque', 'Calle 157 No. 14 - 55'),
(205, 49, 9, 'Centro de Servicios Universitarios - CSU', 'Carrera 47 # 53-78 Barrio Terrazas'),
(206, 49, 9, 'Campus El Tejar', 'Circunvalar 35 No.92-135 Tejar Moderno'),
(207, 50, 23, 'Universidad Católica de Manizales', 'Carrera 23 No. 60 - 63 '),
(208, 51, 13, 'Campus Valle del Lilí ', 'Cll 25# 115-85 Km 2 vía Cali-Jamundí'),
(209, 52, 20, 'Sede Principal', 'Carrera 22 Calle 67 B/Ambalá'),
(210, 52, 20, 'Sede Centro Técnico y Tecnológico San José', 'Carrera 5 No. 18 - 55 B/ El Carmen'),
(211, 53, 8, 'Escuela de Cadetes de Policía General Santander', 'Avenida NQS entre la carrera 48 y transversal 42'),
(212, 54, 8, 'Casa de Cuervo', 'Calle 10 N. 4-69'),
(213, 54, 65, 'Hacienda Yerbabuena-Casa Marroquín', 'Autopista Norte. Kilómetro 9 más 300 metros'),
(214, 55, 8, 'Sede Bogotá ', 'Carrera 9 No. 45A - 44'),
(215, 55, 19, 'Seccional Alto Magdalena', 'Carrera 19 No. 17 - 23'),
(216, 56, 24, 'Campus El Poblado ', 'Calle 10 A No. 22 - 04'),
(217, 56, 8, 'Sede Bogotá', 'Carrera 15 N° 93-75'),
(218, 56, 73, 'Sede Envigado', 'Calle 36 D Sur Km 4'),
(249, 57, 8, 'Sede Las Torres ', 'Avenida Caracas # 46 – 72'),
(250, 57, 8, 'Sede 4 ', 'Carrera 13 # 47 – 30'),
(251, 57, 8, 'Sede Claustro ', 'Diagonal 46 A # 15 B – 10'),
(252, 57, 8, 'Sede Carrera 13 ', 'Carrera 13 # 47 – 49'),
(253, 57, 8, 'Casa Extensión ', 'Diagonal 46 # 15 B 18'),
(254, 57, 8, 'Facultad de Derecho Consultorio jurídico', 'Carrera 13 # 46 – 61'),
(255, 57, 8, 'Unidad de Servicios Psicológicos', 'Calle 35 # 20 – 32'),
(256, 57, 8, 'Facultad de Psicología', 'Avenida Caracas # 46 – 22\r\n'),
(257, 57, 20, 'Sede Ibagué ', 'Carrera 4 # 7 – 26 local 1, edificio El Edén, barrio La Pola.'),
(258, 57, 26, 'Sede Neiva ', 'Calle 10 # 6 – 61.'),
(259, 58, 41, 'Campus sede Barcelona', 'Kilómetro 12 via a Puerto López Vereda Barcelona'),
(260, 58, 41, 'Campus sede San Antonio', 'Calle 37 No. 41-02 Barzal'),
(261, 58, 41, 'Campus sede El Emporio', 'Calle 40 A No. 28-32 Emporio'),
(262, 59, 39, 'Campus Universitario Tunja', 'Carrera 2ª Este No. 64 - 169'),
(263, 59, 59, 'Sede Sogamoso', 'Carrera 11 No. 26 - 18'),
(264, 59, 61, 'Sede Yopal', 'Carrera 19 No. 7 - 44'),
(265, 59, 60, 'Sede Chiquinquira', 'Carrera 6 No. 9 – 58'),
(266, 60, 8, 'Campus Norte ', 'Calle 222 No. 55-37'),
(267, 60, 8, 'Sede Avenida Boyacá ', 'Avenida Boyacá No. 66 A – 61'),
(268, 60, 8, 'Sede calle 72 ', 'Calle 72 No. 14 – 20'),
(269, 60, 14, 'Sede Cartagena ', 'Avenida Pedro de Heredia Calle 31 No. 18b – 17'),
(270, 61, 8, 'Campus Bogota', 'Av. Cra 9 No. 131 A - 02 Usaquen'),
(271, 61, 65, 'Campus Chia', 'Km. 20 Autopista Norte - Costado Occidental '),
(272, 62, 41, ' CAMPUS SAN FERNANDO', 'Carrera 32 # 34B-26 San Fernando'),
(273, 63, 43, 'Sede Centro', 'Calle 5b #14a-1 a 14a-101'),
(274, 63, 43, 'Sede principal', 'Calle 17 Diagonal 17 con Carrera 3F - Barrio Porvenir'),
(275, 63, 43, 'Sede Social', 'Via Charcoazul'),
(276, 63, 43, 'Granja Experimental Santo Domingo', ''),
(277, 63, 43, 'Centro de Investigaciones Macagual', ''),
(278, 63, 21, 'Sede Leticia', 'Carrera 3 #10-2 a 10-192'),
(279, 64, 8, 'Sede Nacional ', 'Calle 44 No 53-37 CAN'),
(280, 64, 24, 'Sede Medellin', 'Cl 57 No. 45 – 83'),
(281, 64, 6, 'Sede Barranquilla', 'Cra 50 No. 55-128'),
(282, 64, 14, 'Sede Cartagena', 'Avda Pedro de Heredia, Sector el Espinal\r\nCll 32 No. 18C 192 (Antigua Sede Electrocosta)'),
(283, 64, 39, 'Sede Tunja', 'Av Oriental 9-13'),
(284, 64, 23, 'Sede Manizales', 'Cl 64 No. 30 – 29 Vía Fátima'),
(285, 64, 30, 'Sede Popayan', 'Carrera 5 No. 53N – 249'),
(286, 64, 44, 'Sede Fusagasuga', 'Cra 2 No. 20 – 02'),
(287, 64, 26, 'Sede Neiva', 'Calle 18 5ª – 15'),
(288, 64, 41, 'Sede Villavicencio', 'Cra 31 A No. 34 A – 23 San Fernando'),
(291, 64, 28, 'Sede Pasto', 'Calle 14 número 24-42'),
(292, 64, 12, 'Sede Cucuta', 'Avenida 12E Calle 1N Quinta Oriental'),
(293, 64, 74, 'Sede Pereira', 'Cra 7 No. 9 – 64  Sector la Badea '),
(294, 64, 9, 'Sede Bucaramanga', 'Cra 28 No. 31 – 07'),
(295, 64, 20, 'Sede Ibague', 'Cl 33 No. 8 – 142 Barrio Gaitán'),
(296, 64, 13, 'Sede Cali', 'Avda 2 Bis No. 24AN – 25 y 31'),
(297, 65, 8, 'Sede Sur  ', 'Calle 22 Sur No. 12D-81'),
(298, 65, 8, 'Sede Federmán ', 'Calle 58A # 37-94'),
(299, 65, 8, 'Sede Circunvalar ', 'Carrera 3 Este # 47A - 15'),
(300, 65, 8, 'Sede Ibérica ', 'Carrera 7 # 16-75'),
(301, 65, 3, 'Sede Armenia ', 'Avenida Bolívar 49 Norte 30'),
(302, 65, 9, 'Sede Bucaramanga  ', 'Calle 32 # 27-63'),
(303, 65, 10, 'Sede Buenaventura', 'Av. Simón Bolívar 47c-70 casa de Encuentro Heriberto Yepes “Bagnoregio” entrada por el seminario'),
(304, 65, 11, 'Sede Buga', 'Callejón Lechugas Salida Norte Buga - Tuluá'),
(305, 65, 13, 'Sede Norte ', 'Calle 15 N # 6N-36'),
(306, 65, 13, 'Sede Sur ', 'Kilómetro 18 vía Jamundí'),
(307, 65, 14, 'Sede Cartagena ', 'Avenida Crisanto Luque Diagonal 22 # 48A-64'),
(308, 65, 15, 'Sede Cartago ', 'Calle 11 # 2-33'),
(309, 65, 12, 'Cúcuta ', 'Avenida 4 # 15-88 La Playa'),
(310, 65, 17, 'Duitama ', 'Transversal 29 No 9C-46/56'),
(311, 65, 20, 'Sede Ibagué ', 'Carrera 10 # 17-35 barrio Ancón'),
(312, 65, 21, 'Sede Leticia ', 'Carrera 11 # 5-92'),
(313, 65, 23, 'Sede Manizales ', 'Kilómetro 4 antigua Vía a Chinchiná'),
(314, 65, 24, 'Sede Medellín ', 'Calle 52 # 40-88 Avenida La Playa'),
(315, 65, 26, 'Sede Buganviles ', 'Calle 19 entre 42 y 43'),
(316, 65, 26, 'Sede Altico ', 'Calle 7 # 13-27'),
(317, 65, 27, 'Sede Palmira ', 'Avenida 46 con carrera 47 Campus Universitario'),
(318, 65, 28, 'Sede Pasto ', 'Carrera 22B # 5 sur A – 15 barrio Agualongo'),
(319, 65, 29, 'Sede Pereira ', 'Calle 17 # 26-41'),
(320, 65, 30, 'Sede Popayán ', 'Calle 53 # 9N – 35'),
(321, 65, 31, 'Sede Puerto Colombia ', 'Carrera 51B Kilómetro 7'),
(322, 65, 32, 'Sede Quibdó', 'Carrera 1 # 30-64 frente al parque Manuel Mosquera Garcés'),
(323, 65, 30, 'Sede Riohacha ', 'Kilómetro 1 vía Maicao'),
(324, 65, 35, 'Sede Roldanillo ', 'Glorieta Principal vía Zarzal – Roldanillo'),
(325, 65, 36, 'Santa Marta ', 'Avenida Libertador # 13-55'),
(326, 65, 39, 'Sed Tunja ', 'Carrera 7 # 21-84'),
(327, 65, 40, 'Sede Valledupar ', 'Avenida Azúcar Buena diagonal al Pabellón de la Popa'),
(328, 65, 41, 'Sede Villavicencio ', 'Kilómetro 1 vía Puerto López vereda La Cecilia'),
(329, 66, 6, 'Unimetro', 'Calle 76 No 42-78 '),
(330, 67, 8, 'Sede Bogota', 'CALLE 74 # 14-14'),
(331, 67, 36, 'Campus Centro ', 'Calle 18 # 14 A – 18'),
(332, 67, 36, 'Campus Rodrigo Noguera Laborde ', 'Carrera 29 D # 30 - 207'),
(333, 67, 6, 'Sede Barranquilla', 'CRA. 58 # 68 – 91 BARRIO EL PRADO'),
(334, 68, 23, 'Campus UAM', 'Antigua Estación del Ferrocarril'),
(335, 69, 44, 'Sede Principal Fusagasugá', 'Diagonal 18 No. 20-29'),
(336, 69, 19, 'Seccional Girardot', 'Diag. 18 No. 20-29'),
(337, 69, 75, 'Seccional Ubaté', 'Calle 6 No. 9-80'),
(338, 69, 65, 'Estensión Chia', 'Vereda Bojacá-Diosa'),
(339, 69, 76, 'Extensión Chocontá', 'Cra 3 No. 5-71'),
(340, 69, 77, 'Extensión Facatativá', 'Calle 14 Avnda. 15'),
(341, 69, 78, 'Extensión Soacha', 'Diag. 6 BIS. No. 5-95'),
(342, 69, 79, 'Extensión Zipaquirá', 'Cra. 7 No. 1-31'),
(343, 70, 6, 'Sede Principal ', 'Carrera 59 No. 59-92'),
(344, 70, 6, 'Sede Posgrados ', 'Carrera 54 No. 64-222'),
(345, 70, 12, 'Extensión Cúcuta ', 'Av 3 No. 13-34 La Play'),
(346, 71, 8, 'Escuela Colombiana de Ingenieria Julio Garavito', 'AK.45 No.205-59 (Autopista Norte)'),
(347, 72, 73, 'Sede de Las Palmas', 'km 2 + 200 Vía al Aeropuerto José María Córdova'),
(348, 72, 73, 'Sede de Zúñiga', 'Calle 25 Sur 42-73'),
(349, 73, 8, 'Sede Bogota- Candelaria', 'Calle 12B No. 4 - 31'),
(350, 73, 36, 'Sede Santa Marta', 'Avenida del Libertador'),
(351, 74, 25, 'Campus Elías Bechara Zainúm ', 'Cra. 1w No. 38-153, 4536534, Barrio Juan XXIII'),
(352, 74, 14, 'Plaza Colón  ', 'Avenida al Bosque transversal 54 N° 30 - 729 '),
(353, 74, 14, 'Campus Santillana ', 'Avenida al Bosque transversal 54 No 30 - 453'),
(354, 74, 14, 'Pie de la Popa ', 'Pie de la popa, Cll 30 N° 20 - 88'),
(355, 74, 14, 'Clínica Odontológica Cartagena de Indias  ', 'Av. Pedro de Heredia, Sector Maria Auxiliadora Cll 30 No 39 - 175 Barrio Amberes '),
(356, 74, 8, 'Extensión Bogotá', 'Carrera 6 # 118 - 60 parque de Usaquén'),
(357, 75, 9, 'Campus Lagos del Cacique', 'Calle 70 Lagos del cacique'),
(358, 76, 13, 'Escuela Militar de Aviación "Marco Fidel Suarez"', 'Cra 8 No. 58-67 Barrio La Base'),
(359, 77, 24, 'Sede Central Poblado', 'Carrera 48 # 7-151 El Poblado'),
(360, 77, 34, 'Centro regional Oriente', 'Carrera 48 # 7-151 El Poblado'),
(361, 77, 1, 'Centro regional Urabá', 'Vereda El Reposo'),
(362, 78, 8, 'Sede Nacional', 'Calle 14 Sur No. 14 - 23'),
(363, 79, 32, 'Ciudadela Universitaría', 'Cra. 22 No 18B-10 B/ Nicolás Medrano '),
(364, 80, 8, 'Sede Bogotá', 'Cra 14A #70A-34, Bogotá'),
(365, 80, 29, 'Sede Pereira', 'Calle 24 N° 8-55, Risaralda'),
(366, 80, 24, 'Sede Medellin', 'Carrera 81 # 35 - 96'),
(367, 80, 40, 'Sede Valledupar', 'Transv 22 Bis #4-105'),
(368, 81, 8, 'Sede Norte', 'Carrera 54 No.67A - 80'),
(369, 81, 8, 'Sede Centro', 'Cra 19 No. 8A - 32'),
(370, 81, 71, 'Sede Cajicá  ', 'Cajicá kilómetro 2 vía Cajicá a Zipaquirá'),
(371, 81, 8, ' Sede Castellana', ' Cra 49 No. 95 - 79'),
(372, 81, 12, 'Sede Cúcuta', 'Av. 1E No. 5 - 97 Barrio La Ceiba'),
(373, 82, 7, 'Seccional Bello', 'Carrera 45 N° 22D - 25'),
(374, 82, 7, 'Seccional Bello - Centro Regional Aburrá sur ', 'Carrera 52 #48-12 Colegio El Rosario'),
(375, 82, 23, 'Satélite Neira', 'Carrera 9 Local 1 '),
(376, 82, 29, 'Centro Regional Pereira', 'Carrera 9 No. 20-54'),
(377, 82, 1, 'Centro Regional Urabá sede Apartadó', 'Diagonal 106 No. 110ª – 670'),
(378, 82, 80, 'Centro Regional Urabá sede Turbo', 'Calle 102 No. 14-49'),
(379, 82, 41, 'Sede Parque de los periodistas', 'Parque Infantil'),
(380, 82, 13, 'Centro Alterno Mayor Santiago de Cali', 'Calle 35 No. 10 - 20'),
(381, 82, 11, 'Centro Regional Buga ', 'Calle 21 sur, carrera 12 costado sur-occidenta'),
(382, 82, 10, 'Centro Regional Buenaventura ', 'Avenida Simón Bolívar Km 9 -  Colegio San Vicente'),
(383, 82, 6, 'Colegio Sagrada Familia', 'Cra 38 con calle 73'),
(384, 82, 6, 'Centro Regional Atlántico Instituto La Salle', 'Cl 47 41-33 Barranquilla, Colombia'),
(385, 82, 6, 'Centro Regional Atlántico Colegio María Inmaculada', 'Cra. 29 #70B-60, Atlántico'),
(386, 82, 12, 'Centro Regional Cúcuta', 'Avenida 5, Calle 15 esquina centro'),
(387, 82, 8, 'Sede Calle 90', 'Cl. 89'),
(388, 82, 8, 'Laboratorios de la Facultad de Ingeniería', 'Cl. 81 #92-51'),
(389, 82, 8, 'Sede Principal Uniminuto', 'Calle 81B Nº 72 B - 70, Barrio Minuto de Dios'),
(390, 82, 79, 'Centro Regional Zipaquirá', 'Av. 15 No. 1 - 22 sur, La fragüita'),
(391, 82, 78, 'Centro Regional Soacha', 'Parque Principal Soacha, Carrera 7 No. 12 - 24'),
(392, 82, 19, 'Centro Regional Girardot', 'Carrera 10 No. 36 -106, Rosablanca'),
(393, 82, 81, 'Centro Regional Madrid', 'URI Fiscalia, Cra 7A No. 8- 52 '),
(394, 82, 9, 'Centro Regional Bucaramanga', 'Calle 28 # 21 - 41 - Colegio Las Pachas'),
(395, 82, 8, 'Bogotá Sur - Sede Bosa', 'Cra. 88F bis No. 51C-01 Sur'),
(396, 82, 8, 'Sede Rafael Uribe Uribe', 'Cll 22 Sur (Av. 1º de mayo) No. 11B-51'),
(401, 82, 8, 'San Juan de Dios, Sosiego ', ' Calle 17 sur # 7 - 15 - Instituto San Juan de Dios (Barrio Sosiego)'),
(402, 82, 28, 'Universidad UNIMINUTO Pasto ', 'Cra. 27 #18-26'),
(403, 82, 26, 'Uniminuto Nevia', 'CLL 15 No. 5 - 71'),
(404, 82, 68, 'Uniminuto Pitalito', 'CLL 8 No. 4 - 63'),
(405, 82, 20, 'Uniminuto en Ibagué', 'Cll 17 # 2 - 51 Centro'),
(406, 83, 6, 'UNIVERSIDAD DE LA COSTA, CUC', 'Calle 58 # 55 - 66 '),
(407, 83, 14, 'Extensión Cartagena', ''),
(408, 83, 25, 'Extensión Monteria', ''),
(409, 83, 28, 'Extensión San Juan de Pasto', ''),
(410, 83, 41, 'Extensión Villavicencio', 'Cr 35 N. 35-23'),
(411, 84, 34, 'UCO', 'Sector 3, cra. 46 No. 40B 50'),
(412, 3, 73, 'Sede Envigado', 'Calle 37sur N° 33 - 14  '),
(413, 3, 82, 'Sede Amalfi', 'Calle Santander N° 18-80'),
(414, 3, 80, 'Seccional Uraba Sede Tradicional Jesús Mora', 'Calle 104, entre carreras 18A y 19 - Barrio Jesús Mora'),
(415, 3, 83, 'Sede Sonsón', 'km 2 vía Sonsón - Nariño. La Pinera, vereda Río Arriba.'),
(416, 3, 84, 'Sede Estudios Ecológicos y Agroambientales', ' Km 1 Vía Carepa–Apartadó, lado Izquierdo. '),
(417, 6, 85, 'Ceres La Dorada', 'Calle 11 N° 5-11 Antigua Escuela de Enfermería'),
(418, 6, 86, 'Ceres Salamina', ' Carrera 6 N° 8-09'),
(419, 6, 87, 'Ceres Anserma', 'Carrera 4 N° 5-30'),
(420, 6, 88, 'Ceres Satélite Samaná', 'Carrera 9 N° 2-13'),
(421, 6, 89, 'Ceres Satélite Aguadas', 'Carrera 3 N° 6-41 Institución Educativa Roberto Peláez'),
(422, 6, 90, 'Ceres Alto Occidente – Riosucio', 'Carrera 5  N° 11-25'),
(423, 6, 29, 'Centro de Tutoría Pereira', 'Calle 33 N° 8B-14, Sector 1° de febrero, Institución Educativa María Dolorosa'),
(424, 6, 91, 'Ceres Marquetalia', 'Carrera 5 No. 6-30');

-- --------------------------------------------------------

--
-- Estructura de tabla para la tabla `universidades`
--

DROP TABLE IF EXISTS `universidades`;
CREATE TABLE IF NOT EXISTS `universidades` (
  `id` int(11) NOT NULL AUTO_INCREMENT,
  `Nombre` varchar(100) NOT NULL,
  `Ciudad` int(11) NOT NULL,
  `acreditacion_institucional` int(11) NOT NULL DEFAULT '0',
  `Caracter_institucion` int(11) NOT NULL,
  `Direccion` varchar(30) NOT NULL,
  PRIMARY KEY (`id`),
  KEY `llf_universidades_ciudades` (`Ciudad`),
  KEY `llf_universidades_caracter` (`Caracter_institucion`)
) ENGINE=InnoDB AUTO_INCREMENT=86 DEFAULT CHARSET=latin1;

--
-- Volcado de datos para la tabla `universidades`
--

INSERT INTO `universidades` (`id`, `Nombre`, `Ciudad`, `acreditacion_institucional`, `Caracter_institucion`, `Direccion`) VALUES
(1, 'Universidad del rosario', 8, 1, 2, 'Calle 14 No. 5-82'),
(2, 'Fundación universidad de américa', 8, 0, 2, 'Avenida Circunvalar No. 20-70'),
(3, 'Universidad de antioquia', 24, 0, 1, 'Calle 67 No. 53-108 '),
(4, 'Fundación universidad de bogotá jorge tadeo lozano', 8, 0, 2, 'Carrera 4ª. N° 22- 40 Piso 5°'),
(5, 'Universidad del atlántico', 6, 0, 1, 'Km. 7 Vía a Puerto Colombia'),
(6, 'Universidad de caldas', 23, 0, 1, 'Calle 65 No. 26-10'),
(7, 'Universidad de cartagena', 14, 0, 1, 'Cra. 6a No. 36-100'),
(8, 'Universidad del cauca', 30, 0, 1, 'Calle 5 No. 4-70'),
(9, 'Universidad de medellin', 24, 0, 2, 'Cra. 87 No. 30-65 Los Alpes'),
(10, 'Universidad de nariño', 28, 0, 1, 'Cra. 22 No. 18-109'),
(11, 'Universidad del tolima', 20, 0, 1, 'Santa Helena'),
(12, 'Universidad del valle', 13, 0, 1, 'Calle 13 No. 100-00'),
(13, 'Universidad distrital francisco josé de caldas', 8, 0, 1, 'Cra. 7 No. 40-53'),
(14, '\r\nfundación universidad externado de colombia', 8, 0, 2, 'Calle 12 No. 1-17 Este'),
(15, 'Universidad la gran colombia', 8, 0, 2, 'Cra. 6 No. 13-12'),
(16, 'Universidad libre', 8, 0, 2, 'Calle 8 No. 5-80'),
(17, 'Universidad nacional de colombia', 8, 0, 1, 'Carrera 45 No. 26-85 '),
(18, 'Universidad pedagógica nacional', 8, 0, 1, 'Calle 72 No. 11-73'),
(19, 'Universidad pedagógica y tecnológica de colombia', 39, 0, 1, 'Carretera Central del Norte'),
(20, 'Pontificia universidad javeriana', 8, 0, 2, 'Cra. 7 No. 40-62'),
(21, 'Universidad pontificia bolivariana', 24, 1, 2, 'Circular 1ª. No. 70-01'),
(22, 'Universidad santiago de cali', 13, 0, 2, 'Calle 5a. Carrera 62'),
(23, 'Universidad tecnológica de pereira', 29, 0, 1, 'La Julita'),
(24, 'Universidad de córdoba', 25, 0, 1, 'Cra. 6 No. 76-103'),
(25, 'Universidad del magdalena', 36, 0, 1, 'Carrera 32 No. 22-08 '),
(26, 'Universidad del quindío', 3, 0, 1, 'Carrera 15 Calle 12'),
(27, 'Universidad de la salle', 8, 0, 2, 'Cra. 5 No. 59 A 44'),
(28, 'Universidad santo tomás', 8, 0, 2, 'Cra. 9 No. 51-11     '),
(29, 'Universidad francisco de paula santander', 12, 0, 1, 'Av Gran Colombia No. 12 E 96'),
(30, 'Universidad eafit', 24, 0, 2, 'Cra. 49 No. 7 Sur 50 '),
(31, 'Universidad incca de colombia', 8, 0, 2, 'Cra. 13 No. 24-15'),
(32, 'Universidad del norte', 6, 0, 2, 'Km. 5 via a Puerto Colombia'),
(33, 'Universidad de pamplona', 42, 0, 1, 'Km. 1 Vía a Bucaramanga '),
(34, 'Universidad de san buenaventura', 8, 0, 2, 'Av. Carrera 9 # 123–76 '),
(35, 'Escuela naval de cadetes almirante padilla', 14, 0, 1, 'Bosque Manzanillo'),
(36, 'Universidad de la sabana', 8, 0, 2, 'Puente del Común vía a Chía'),
(37, 'Universidad surcolombiana', 26, 0, 1, 'Carrera 5ª No. 23-40'),
(38, 'Universidad central', 8, 0, 2, 'Cra. 5 No. 21-38'),
(39, 'Universidad mariana', 28, 0, 2, 'Calle 18 No. 34-104'),
(40, 'Universidad autónoma del caribe', 6, 0, 2, 'Calle 90 No. 46-112'),
(41, 'Universidad catolica de pereira', 29, 0, 2, 'Carrera 21 Nº 49-95 '),
(42, 'Universidad de manizales', 23, 0, 2, 'Cra. 9 No. 19-03'),
(43, 'Universidad tecnológica de bolívar', 14, 0, 2, 'Cra. 21 No. 25-92'),
(44, 'Universidad popular del cesar', 40, 0, 1, 'Vía Patillal salida Hurtado'),
(45, 'Universidad ean', 8, 0, 2, 'Carrera 11 No. 78-47'),
(46, 'Universidad icesi', 13, 0, 2, 'Calle 18 No. 122-135 Pance'),
(47, 'Universidad colegio mayor de cundinamarca', 8, 0, 1, 'Calle 28 No. 6-02'),
(48, 'Universidad militar nueva granada', 8, 0, 1, 'Cra. 11 No. 101-80'),
(49, 'Universidad autónoma de bucaramanga', 9, 0, 2, 'Avenida 42 No. 48-11'),
(50, 'Universidad catolica de manizales', 23, 0, 2, 'Cra. 23 No. 60-63'),
(51, 'Universidad autónoma de occidente', 13, 0, 2, 'Calle 25 No. 115 -85 km. 2'),
(52, 'Universidad de ibague', 20, 0, 2, 'Carrera 22 Calle 67'),
(53, 'Escuela de cadetes de policia general santander', 8, 0, 1, 'Transve. 33 No. 47 A 35 Sur '),
(54, 'Instituto caro y cuervo', 8, 0, 2, 'Calle 10 No. 4-69'),
(55, 'Universidad piloto de colombia', 8, 0, 2, 'Cra. 9 No. 45 A 44'),
(56, 'Universidad ces', 24, 0, 2, 'Calle 10 A No. 22-04'),
(57, 'Universidad católica de colombia', 8, 0, 2, 'Avenida Caracas No. 46-72'),
(58, 'Universidad de los llanos', 41, 0, 1, 'Km. 11 Vía a Puerto López'),
(59, 'Universidad de boyacá', 39, 0, 2, 'Carrera 2a. Este No. 64-169'),
(60, 'Universidad de ciencias aplicadas y ambientales', 8, 0, 2, 'Calle 222 No. 54-25'),
(61, 'Universidad el bosque', 8, 0, 2, 'Cra. 7 B Bis No. 132-11'),
(62, 'Corporación universitaria del meta\r\n', 41, 0, 2, 'Cra. 32 No. 34 B 26'),
(63, 'Universidad de la amazonia', 43, 0, 1, 'Av Circunvalación El Porvenir'),
(64, 'Escuela superior de administración pública', 8, 0, 1, 'Diagonal 40 No. 46 A 37 CAN'),
(65, 'Universidad antonio nariño', 8, 0, 2, 'Carrera 38 No. 58 A 77'),
(66, 'Universidad metropolitana', 6, 0, 2, 'Cra. 42F No. 75 B 169'),
(67, 'Universidad sergio arboleda', 8, 0, 2, 'Calle 74 No. 14-14'),
(68, 'Universidad autónoma de manizales', 23, 0, 2, 'Antigua Est. del Ferrocarríl'),
(69, 'Universidad de cundinamarca', 44, 0, 1, 'Diagonal 18 No. 20-29'),
(70, 'Universidad simón bolivar', 6, 0, 2, 'Carrera 59 No. 59—65 Sede 3'),
(71, 'Escuela colombiana de ingeniería julio garavito ', 8, 0, 2, 'Autopista Norte Kilómetro 13'),
(72, ' universidad eia', 24, 0, 2, 'Calle 25 Sur No. 42-73'),
(73, 'Universidad autónoma de colombia', 8, 0, 2, 'Calle 12 B No. 4-30'),
(74, 'Universidad del sinú elías bechara zainum', 25, 0, 2, 'Calle 38 No. 1 W '),
(75, 'Universidad de santander', 9, 0, 2, 'Calle 70 No. 55-210'),
(76, 'Escuela militar de aviacion marco fidel suárez', 13, 0, 1, 'Carrera 8 No. 58-67'),
(77, 'Politécnico colombiano jaime isaza cadavid', 24, 0, 1, 'Carrera 48 No. 7-151'),
(78, 'Universidad nacional abierta y a distancia', 8, 0, 1, 'Calle 14 Sur No. 14-23'),
(79, 'Universidad tecnológica del chocó diego luis córdoba', 32, 0, 1, 'Barrio Nicolás Medrano'),
(80, 'Fundación universitaria del área andina', 8, 0, 2, 'Calle 71 No.13-21'),
(81, 'Fundación universitaria de ciencias de la salud', 8, 0, 2, 'Carrera 19 No. 8 A 32'),
(82, 'Corporación universitaria minuto de dios', 8, 0, 2, 'Calle 81 C No. 72 B 50'),
(83, 'Corporación universidad de la costa', 6, 0, 2, 'Calle 58 No. 55-66'),
(84, 'Universidad católica de oriente ', 24, 0, 2, 'Carrera 46 No. 40 B 50'),
(85, 'Universidad industrial de santander', 9, 0, 1, 'Ciudad Universitaria');

--
-- Restricciones para tablas volcadas
--

--
-- Filtros para la tabla `ciudades`
--
ALTER TABLE `ciudades`
  ADD CONSTRAINT `llf_ciudades` FOREIGN KEY (`Departamento`) REFERENCES `departamentos` (`id`) ON DELETE NO ACTION ON UPDATE NO ACTION;

--
-- Filtros para la tabla `nucleos_basicos_conocimiento`
--
ALTER TABLE `nucleos_basicos_conocimiento`
  ADD CONSTRAINT `lf_nucleos_areas` FOREIGN KEY (`area_conocimiento`) REFERENCES `areas_conocimiento` (`id`) ON DELETE NO ACTION ON UPDATE NO ACTION;

--
-- Filtros para la tabla `programas`
--
ALTER TABLE `programas`
  ADD CONSTRAINT `lf_programas_universidades` FOREIGN KEY (`Universidad`) REFERENCES `universidades` (`id`) ON DELETE NO ACTION ON UPDATE NO ACTION,
  ADD CONSTRAINT `llf_programas_nucleos` FOREIGN KEY (`nucleo_basico_conocimiento`) REFERENCES `nucleos_basicos_conocimiento` (`id`),
  ADD CONSTRAINT `llf_universidades_jornadas` FOREIGN KEY (`Jornada`) REFERENCES `jornadas` (`id`) ON DELETE NO ACTION ON UPDATE NO ACTION,
  ADD CONSTRAINT `llf_universidades_modalidades` FOREIGN KEY (`modalidad`) REFERENCES `modalidades` (`id`) ON DELETE NO ACTION ON UPDATE NO ACTION,
  ADD CONSTRAINT `llf_universidades_nivel` FOREIGN KEY (`nivel_formacion`) REFERENCES `niveles_formacion` (`id`) ON DELETE NO ACTION ON UPDATE NO ACTION,
  ADD CONSTRAINT `llf_universidades_sedes` FOREIGN KEY (`Sede`) REFERENCES `sedes` (`id`) ON DELETE NO ACTION ON UPDATE NO ACTION;

--
-- Filtros para la tabla `sedes`
--
ALTER TABLE `sedes`
  ADD CONSTRAINT `llf_sedes_ciudades` FOREIGN KEY (`ciudad`) REFERENCES `ciudades` (`id`) ON DELETE NO ACTION ON UPDATE NO ACTION,
  ADD CONSTRAINT `llf_sedes_universidad` FOREIGN KEY (`universidad`) REFERENCES `universidades` (`id`) ON DELETE NO ACTION ON UPDATE NO ACTION;

--
-- Filtros para la tabla `universidades`
--
ALTER TABLE `universidades`
  ADD CONSTRAINT `llf_universidades_caracter` FOREIGN KEY (`Caracter_institucion`) REFERENCES `caracter` (`id`) ON DELETE NO ACTION ON UPDATE NO ACTION,
  ADD CONSTRAINT `llf_universidades_ciudades` FOREIGN KEY (`Ciudad`) REFERENCES `ciudades` (`id`) ON DELETE NO ACTION ON UPDATE NO ACTION;

/*!40101 SET CHARACTER_SET_CLIENT=@OLD_CHARACTER_SET_CLIENT */;
/*!40101 SET CHARACTER_SET_RESULTS=@OLD_CHARACTER_SET_RESULTS */;
/*!40101 SET COLLATION_CONNECTION=@OLD_COLLATION_CONNECTION */;
